price,title,net_m2,room_count,total_floor,floor,heating,property_type,brut_m2,age,due_monthly,in_site,balcony_count,living_room_m2
15.000TL,"ertaÅŸ,tan harika konumda full deniz ve havuz manzaralÄ± kiralÄ±k daire",65 M2,1+1,5,5.Kat,Kombi DoÄŸalgaz,BoÅŸ,75 M2,5-10,900 TL,Evet,2,20 M2
16.000TLarrow_downward%9,bbsbrokerdan alaÃ§am bulvarÄ±nda deniz ve ÅŸehir manzaralÄ± lÃ¼ks 2+1,88 M2,2+1,7,1.Kat,Yerden IsÄ±tma,BoÅŸ,100 M2,0 (Yeni),,HayÄ±r,,
12.000TL,hiÌ‡sarâ€™dan gazeiÌ‡pzeycanin yanin da 1+1 full eÅŸyali kiÌ‡ralik daiÌ‡re,50 M2,1+1,5,2.Kat,Kombi DoÄŸalgaz,,55 M2,3,,HayÄ±r,1,
13.500TL,samsun iÌ‡lkadim kiÅŸla mahallesiÌ‡nde ebeveyn banyolu cam balkonlu 3+1 kiÌ‡ralik sifir daiÌ‡re,145 M2,3+1,8,8.Kat,Kombi DoÄŸalgaz,BoÅŸ,155 M2,1,,HayÄ±r,,
25.000TL,enes emlak ÅŸefaattiÌ‡n saÄŸdiÅŸ'tan kiÌ‡ralik 3+1 daiÌ‡re,115 M2,3+1,5,3.Kat,Kombi DoÄŸalgaz,BoÅŸ,125 M2,21 Ve Ãœzeri,,HayÄ±r,,
10.000TL,kiralÄ±k eÅŸyalÄ± 1+1 daire,60 M2,1+1,3,3.Kat,Kombi DoÄŸalgaz,,65 M2,1,,HayÄ±r,,
9.000TL,atakum sahiÌ‡l tarafinda kiÌ‡ralik 2+1 lÃ¼ks daiÌ‡re,86 M2,2+1,5,4.Kat,Yerden IsÄ±tma,,106 M2,0 (Yeni),,HayÄ±r,,
10.000TL,atakum cumhuriÌ‡yet mahallesiÌ‡ eÅŸyali kiralik 1+1,45 M2,1+1,3,2.Kat,Kombi DoÄŸalgaz,EÅŸyalÄ±,55 M2,4,,HayÄ±r,1,
8.500TL,atakum kÃ¶rfezde kiralik esyali 1++,44 M2,1+1,5,3.Kat,Kombi DoÄŸalgaz,EÅŸyalÄ±,55 M2,1,,HayÄ±r,,
10.000TL,sahibinden kiralÄ±k daire,90 M2,3+1,5,DÃ¼z GiriÅŸ (Zemin),Kombi DoÄŸalgaz,,110 M2,5-10,75 TL,HayÄ±r,1,
10.000TL,emlak kent'ten salon mutfak ayrÄ± 2+1 kiralÄ±k daire,88 M2,2+1,5,1.Kat,Kombi DoÄŸalgaz,BoÅŸ,98 M2,2,,HayÄ±r,,
4.250.000TL,emlak kent'ten sÄ±fÄ±r 2+1 kiralÄ±k daire,88 M2,2+1,3,1.Kat,Kombi DoÄŸalgaz,BoÅŸ,98 M2,0 (Yeni),,HayÄ±r,,
6.000TL,atakum kÃ¶rfezde 1+1 kiÌ‡ralik daiÌ‡re,45 M2,1+1,5,2.Kat,Kombi DoÄŸalgaz,,55 M2,0 (Yeni),,HayÄ±r,,
15.000TL,hiÌ‡sar â€˜dan yeniÌ‡mahallede sÃ¼per konum da fuÅŸÅŸ eÅŸyali 3+1 kiÌ‡ralik daiÌ‡re,138 M2,3+1,4,YÃ¼ksek GiriÅŸ,Kombi DoÄŸalgaz,,140 M2,5-10,,HayÄ±r,,
12.000TL,100.yil bulvarinin 1 sokak altinda kismi eÅŸyali kiÌ‡ralik 2+1 daiÌ‡re,100 M2,2+1,8,3.Kat,Kombi DoÄŸalgaz,,110 M2,11-15,,HayÄ±r,,
7.000TL,"kiÌ‡ralik 3,5+1( 4+1 ) daiÌ‡re havuzlu deniÌ‡z manzarali gÃ¼venliÌ‡kliÌ‡",170 M2,4+1,16,16.Kat,Merkezi (Pay Ã–lÃ§er),BoÅŸ,220 M2,11-15,1800 TL,Evet,3,34 M2
10.500TL,samsun atakum cumhuriÌ‡yet mahallesiÌ‡nde mÃ¼kemmel lokasyonda ara kat doÄŸalgazli 3+1 kiÌ‡ralik daiÌ‡re,130 M2,3+1,4,3.Kat,Kombi DoÄŸalgaz,BoÅŸ,140 M2,21 Ve Ãœzeri,,HayÄ±r,,
12.000TL,sahibinden kiralÄ±k daire,130 M2,3+1,10,6.Kat,Merkezi DoÄŸalgaz,,160 M2,11-15,500 TL,Evet,2,30 M2
13.000TL,kÃ¶rfez de cam balkonlu eÅŸyali kiÌ‡ralik 2+1 daiÌ‡re,90 M2,2+1,5,5.Kat,Kombi DoÄŸalgaz,,95 M2,5-10,,HayÄ±r,,
22.000TL,eÅŸyali kiÌ‡ralik 1+1 tramvayin altinda atakum yeniÌ‡mahalle,55 M2,1+1,6,3.Kat,Kombi DoÄŸalgaz,EÅŸyalÄ±,58 M2,4,300 TL,HayÄ±r,1,
10.000TL,samsun iÌ‡lkadim rasathane mahallesiÌ‡nde asansÃ¶rlÃ¼ eÅŸyasiz mÃ¼kemmel lokasyonda 3+1 kiÌ‡ralik daiÌ‡re,120 M2,3+1,8,4.Kat,Kombi DoÄŸalgaz,BoÅŸ,130 M2,21 Ve Ãœzeri,,HayÄ±r,,
13.750TL,atakum sahiÌ‡l tarafinda iÌ‡kiÌ‡ banyo ve balkonlu kiÌ‡ralik sifir 2+1,85 M2,2+1,5,2.Kat,Yerden IsÄ±tma,,115 M2,0 (Yeni),,HayÄ±r,,
11.250TL,miÌ‡a'dan iÌ‡lkadim iÌ‡lyaskÃ¶y'de kiÌ‡ralik 2+1 daiÌ‡re,80 M2,2+1,3,3.Kat,SobalÄ±,BoÅŸ,100 M2,21 Ve Ãœzeri,50 TL,HayÄ±r,1,
25.000TL,sahibinden kiralÄ±k daire canik,90 M2,2+1,6,1.Kat,Kombi DoÄŸalgaz,,100 M2,3,,HayÄ±r,,
10.000TL,a.y.s. gayriÌ‡menkul ' dan 2+1 kiÌ‡ralik daiÌ‡re,120 M2,2+1,5,1.Kat,Kombi DoÄŸalgaz,,125 M2,21 Ve Ãœzeri,,HayÄ±r,,
8.000TL,hiÌ‡sar'dan yeniÌ‡ mah de sÃ¼per konum da 3+1 kiÌ‡ralik daiÌ‡re,130 M2,3+1,4,4.Kat,Kombi DoÄŸalgaz,BoÅŸ,140 M2,5-10,,Evet,,
13.000TL,samsun iÌ‡lkadim fevziÌ‡Ã§akmak mahallesiÌ‡'nde depoziÌ‡tosuz asansÃ¶rlÃ¼ ara kat 2+1 kiÌ‡ralik daiÌ‡re,95 M2,2+1,6,2.Kat,Kombi DoÄŸalgaz,BoÅŸ,105 M2,11-15,,HayÄ±r,,
13.000TL,derebahÃ§e geniÅŸ 3+1 ebeveyn banyolu kiralÄ±k daire site iÃ§i,130 M2,3+1,7,2.Kat,Kombi DoÄŸalgaz,BoÅŸ,145 M2,5-10,,Evet,,
8.000TL,atakent'te sifir ayarinda bulvara cephe 2+1 kiÌ‡ralik daiÌ‡re,100 M2,2+1,6,3.Kat,Yerden IsÄ±tma,BoÅŸ,105 M2,2,,HayÄ±r,,
15.750TL,ataÅŸehiÌ‡r'den deniÌ‡zevleriÌ‡nde duraÄŸa 30 mt sifir eÅŸyali 1+1,50 M2,1+1,4,1.Kat,Kombi DoÄŸalgaz,EÅŸyalÄ±,55 M2,4,,HayÄ±r,,
8.000TL,kalkanca da siÌ‡te iÌ‡Ã§eriÌ‡siÌ‡nde kiÌ‡ralik 3+1 daiÌ‡re,140 M2,3+1,9,3.Kat,Kombi DoÄŸalgaz,BoÅŸ,160 M2,5-10,,HayÄ±r,,
23.000TL,mrz gayriÌ‡menkul'den esenevlerde siÌ‡te iÌ‡Ã§iÌ‡ kiÌ‡ralik 3+1 daiÌ‡re,145 M2,3+1,9,4.Kat,Merkezi DoÄŸalgaz,BoÅŸ,155 M2,16-20,,Evet,,
12.000TL,samsun caniÌ‡k kuzey yildizi mahallesiÌ‡'nde tokiÌ‡de siÌ‡te iÌ‡Ã§iÌ‡nde 2+1 kiÌ‡ralik daiÌ‡re,90 M2,2+1,11,4.Kat,Merkezi (Pay Ã–lÃ§er),BoÅŸ,100 M2,11-15,,Evet,,
17.500TL,my akdeniÌ‡z' den Ã§obanli tramvay duraÄŸinda eÅŸyali kiÌ‡ralik 3+1 geniÌ‡ÅŸ daiÌ‡re,130 M2,3+1,5,1.Kat,Kombi DoÄŸalgaz,,145 M2,5-10,,Evet,,
14.000TL,beÅŸ yildiz emlaktan 1+1 daiÌ‡re,50 M2,1+1,5,2.Kat,Kombi DoÄŸalgaz,,60 M2,0 (Yeni),,HayÄ±r,,
12.000TL,akdur dan tekkekÃ¶y de kiÌ‡ralik 3+1,130 M2,3+1,7,YÃ¼ksek GiriÅŸ,Kombi DoÄŸalgaz,BoÅŸ,135 M2,21 Ve Ãœzeri,,HayÄ±r,,
23.000TL,suitline dan atakum istiklalde 2+1 lÃ¼ks kiralÄ±k daire,110 M2,2+1,8,2.Kat,Kombi DoÄŸalgaz,BoÅŸ,125 M2,0 (Yeni),,HayÄ±r,,
23.000TL,atasoy gyoâ€™dan 2+1 kiÌ‡ralik daiÌ‡re,90 M2,2+1,4,DÃ¼z GiriÅŸ (Zemin),Kombi DoÄŸalgaz,,100 M2,11-15,,HayÄ±r,,
9.000TL,a.y.s. gayriÌ‡menkul ' dan 3+1 kiÌ‡ralik daiÌ‡re,130 M2,3+1,4,YÃ¼ksek GiriÅŸ,Kombi DoÄŸalgaz,,135 M2,16-20,,HayÄ±r,,
12.000TL,Ã§amlicadan mevlana mahallesiÌ‡nde 3+1 kiÌ‡ralik daiÌ‡re,125 M2,3+1,7,1.Kat,Kombi DoÄŸalgaz,BoÅŸ,155 M2,5-10,,HayÄ±r,,
9.000TL,kahveciÌ‡oÄŸlu emlak'tan genÃ§liÌ‡k cad.kiÌ‡ralik 3+1 daiÌ‡re,120 M2,3+1,4,4.Kat,Kombi DoÄŸalgaz,,130 M2,21 Ve Ãœzeri,,HayÄ±r,,
47.500TL,"56'lar, adliÌ‡ye yakini, ara kat, asansÃ¶rlÃ¼ deniÌ‡z manzarali 135 m2 3+1 daiÌ‡re",130 M2,3+1,7,6.Kat,Kombi DoÄŸalgaz,,135 M2,21 Ve Ãœzeri,,HayÄ±r,,
12.000TL,as yapidan niÌ‡ÅŸantaÅŸi konaklarinda siÌ‡te iÌ‡Ã§iÌ‡ deniÌ‡z manzarali 3+1,140 M2,3+1,8,8.Kat,Kombi DoÄŸalgaz,BoÅŸ,150 M2,5-10,,Evet,,
13.000TL,"56'lar, adliÌ‡ye yakini, asansÃ¶rlÃ¼, deniÌ‡z manzarali 100 m2, 2+1 temiÌ‡z daiÌ‡re",95 M2,2+1,7,7.Kat,Kombi DoÄŸalgaz,,100 M2,21 Ve Ãœzeri,,HayÄ±r,,
11.000TL,samsun atakum kÃ¶rfezde yerden isitmali 1+1 kiÌ‡ralik sifir daiÌ‡re,50 M2,1+1,5,1.Kat,Kombi DoÄŸalgaz,BoÅŸ,60 M2,1,,HayÄ±r,,
10.500TL,truvadan yeniÌ‡mahalle de tramvaya Ã§ok yakin kiÌ‡ralik 2+1,85 M2,2+1,5,Kot 3 (-3).Kat,Kombi DoÄŸalgaz,,90 M2,4,,HayÄ±r,,
7.500TL,truva'dan ziÌ‡raat bankasi arkasi salon mutfak ayri ara kat 2+1,85 M2,2+1,5,2.Kat,Kombi DoÄŸalgaz,,100 M2,21 Ve Ãœzeri,,HayÄ±r,,
2.750TL,a.y.s. gayriÌ‡menkul ' dan 2+1 kiÌ‡ralik daiÌ‡re,120 M2,2+1,5,3.Kat,Kombi DoÄŸalgaz,,130 M2,5-10,,HayÄ±r,,
7.000TL,samsun tÃ¼rkiÌ‡ÅŸte 4. kat masrafsiz kiÌ‡ralik daiÌ‡re,95 M2,2+1,4,4.Kat,Kombi DoÄŸalgaz,,100 M2,21 Ve Ãœzeri,,HayÄ±r,1,
7.000TL,atakent caÄŸaloÄŸlu 2 sokak Ã¼zeriÌ‡ kiÌ‡ralik 1+1 full eÅŸyali daiÌ‡re,55 M2,1+1,10,1.Kat,Kombi DoÄŸalgaz,EÅŸyalÄ±,60 M2,5-10,,HayÄ±r,1,
12.000TL,atasoy gyo gÃ¼vencesiÌ‡ iÌ‡le kiÌ‡ralik daiÌ‡re,100 M2,2+1,3,3.Kat,Kombi DoÄŸalgaz,,110 M2,21 Ve Ãœzeri,,HayÄ±r,,
12.500TL,emlak kent'ten kÃ¼Ã§Ã¼k kolpÄ±nar da sÄ±fÄ±r eÅŸyalÄ± kiralÄ±k 1+1,45 M2,1+1,3,1.Kat,Kombi DoÄŸalgaz,EÅŸyalÄ±,50 M2,0 (Yeni),,HayÄ±r,,
16.000TL,emlak kent 'ten yenimahalle tramvay altÄ±nda kiralÄ±k 3+1 daire,120 M2,3+1,4,2.Kat,Kombi DoÄŸalgaz,BoÅŸ,140 M2,16-20,,HayÄ±r,,
20.000TL,emlak kent'ten eÅŸyalÄ± 1+1 kiralÄ±k daire,48 M2,1+1,6,DÃ¼z GiriÅŸ (Zemin),Yerden IsÄ±tma,EÅŸyalÄ±,58 M2,1,,HayÄ±r,,
21.000TL,truva'dan fiÌ‡nal liÌ‡sesiÌ‡ Ã¼stÃ¼ caÄŸaloÄŸlu'na yakin ara kat 1+1 daiÌ‡re,60 M2,1+1,7,2.Kat,Kombi DoÄŸalgaz,,65 M2,5-10,,HayÄ±r,,
12.500TL,sezgiÌ‡n aslan'dan Ã§iÌ‡ftliÌ‡k mevkiÌ‡ eÅŸyali kiÌ‡ralik 1+1 daiÌ‡re,60 M2,1+1,5,BahÃ§e KatÄ±,Kombi DoÄŸalgaz,EÅŸyalÄ±,70 M2,21 Ve Ãœzeri,,HayÄ±r,,
13.000TL,hiÌ‡sar gayriÌ‡menkul'den kiran tokiÌ‡'de 3+1 kiÌ‡ralik daiÌ‡re,120 M2,3+1,8,YÃ¼ksek GiriÅŸ,Kombi DoÄŸalgaz,BoÅŸ,130 M2,1,,HayÄ±r,,
12.500TL,kÃ¶prÃ¼ grup'tan kiÌ‡ralik 3+1 daiÌ‡re,145 M2,3+1,10,2.Kat,Kombi DoÄŸalgaz,BoÅŸ,160 M2,5-10,,HayÄ±r,,
8.500TL,kÃ¶prÃ¼ grup'tan kiÌ‡ralik 2+1 daiÌ‡re,85 M2,2+1,9,6.Kat,Kombi DoÄŸalgaz,BoÅŸ,100 M2,3,,HayÄ±r,,
13.000TL,kÃ¶prÃ¼ grup'tan kiÌ‡ralik merkeziÌ‡ eÅŸyali 1+1 daiÌ‡re,53 M2,1+1,5,1.Kat,Kombi DoÄŸalgaz,EÅŸyalÄ±,58 M2,5-10,,HayÄ±r,,
19.000TL,ataÅŸehiÌ‡r'den tramvaya 2 sokak sahiÌ‡le 5 dk eÅŸyali 1+1,58 M2,1+1,5,3.Kat,Kombi DoÄŸalgaz,EÅŸyalÄ±,65 M2,3,,HayÄ±r,,
26.000TL,ataÅŸehiÌ‡r'den yeniÌ‡mahalle'de merkeziÌ‡ konumda kiÌ‡ralik 3+1 daiÌ‡re,135 M2,1+1,6,5.Kat,Kombi DoÄŸalgaz,BoÅŸ,145 M2,4,,HayÄ±r,,
18.500TL,eviÌ‡m-nur'dan yeniÌ‡doÄŸan mh 2+1 eÅŸyali kiÌ‡ralik firsat daiÌ‡re,90 M2,2+1,3,3.Kat,Kombi DoÄŸalgaz,EÅŸyalÄ±,100 M2,21 Ve Ãœzeri,,HayÄ±r,1,
16.000TL,suitline emlak dan eÅŸyalÄ± kiralÄ±k 1+1 daire,50 M2,1+1,5,DÃ¼z GiriÅŸ (Zemin),Kombi DoÄŸalgaz,EÅŸyalÄ±,55 M2,0 (Yeni),,HayÄ±r,,
12.500TL,samsun tÃ¼rkiÌ‡ÅŸte 4. kat masrafsiz kiÌ‡ralik daiÌ‡re,95 M2,2+1,4,4.Kat,Kombi DoÄŸalgaz,,100 M2,21 Ve Ãœzeri,,HayÄ±r,1,
10.000TL,atakent caÄŸaloÄŸlu 2 sokak Ã¼zeriÌ‡ kiÌ‡ralik 1+1 full eÅŸyali daiÌ‡re,55 M2,1+1,10,1.Kat,Kombi DoÄŸalgaz,EÅŸyalÄ±,60 M2,5-10,,HayÄ±r,1,
23.000TL,atasoy gyo gÃ¼vencesiÌ‡ iÌ‡le kiÌ‡ralik daiÌ‡re,100 M2,2+1,3,3.Kat,Kombi DoÄŸalgaz,,110 M2,21 Ve Ãœzeri,,HayÄ±r,,
9.000TL,uygun atakum mevlana mah. deniÌ‡z manzarali 140 mÂ² net 3+1 4 balkonlu kiÌ‡ralik daiÌ‡re 4. kat,140 M2,3+1,5,4.Kat,Kombi DoÄŸalgaz,,160 M2,5-10,150 TL,HayÄ±r,,
8.000TL,uygun atakum mevlana mah. deniÌ‡z manzarali 140 mÂ² net 3+1 4 balkonlu kiÌ‡ralik daiÌ‡re 3. kat,140 M2,3+1,5,3.Kat,Kombi DoÄŸalgaz,,160 M2,5-10,150 TL,HayÄ±r,,
13.500TL,uygun atakum mevlana mah. deniÌ‡z manzarali 140 mÂ² net 3+1 4 balkonlu kiÌ‡ralik daiÌ‡re 2. kat,140 M2,3+1,5,2.Kat,Kombi DoÄŸalgaz,,160 M2,5-10,150 TL,HayÄ±r,,
11.000TL,uygun atakum mevlana mah. deniÌ‡z manzarali 140 mÂ² net 3+1 4 balkonlu kiÌ‡ralik daiÌ‡re 1. kat,140 M2,3+1,5,1.Kat,Kombi DoÄŸalgaz,,160 M2,5-10,150 TL,HayÄ±r,,
6.500TL,reviÌ‡zyon mariÌ‡na'dan atakum reziÌ‡dans'ta eÅŸyali kiÌ‡ralik 1+1 daiÌ‡re,45 M2,1+1,15,9.Kat,Merkezi DoÄŸalgaz,EÅŸyalÄ±,55 M2,11-15,1080 TL,HayÄ±r,,
8.500TL,sÃ¼per 1+1 kiralÄ±k daire,55 M2,1+1,4,1.Kat,Kombi DoÄŸalgaz,EÅŸyalÄ±,60 M2,0 (Yeni),,HayÄ±r,,
15.000TL,emre kÃ¶se'den iÌ‡lkadim kirankÃ¶y tokiÌ‡'de kiÌ‡ralik 3+1 daiÌ‡re,145 M2,3+1,7,4.Kat,Merkezi (Pay Ã–lÃ§er),BoÅŸ,165 M2,4,,HayÄ±r,,
7.500TL,samsun iÌ‡lkadim iÌ‡stasyon mahallesiÌ‡nde doÄŸalgazli merkeziÌ‡ konumda 2+1 kiÌ‡ralik daiÌ‡re,65 M2,2+1,5,3.Kat,Kombi DoÄŸalgaz,BoÅŸ,75 M2,21 Ve Ãœzeri,,HayÄ±r,,
15.000TL,Ã§amlicadan m.siÌ‡nanda caÄŸaloÄŸluna cephe kiÌ‡ralik 2+1 daiÌ‡re,60 M2,2+1,10,BahÃ§e KatÄ±,Kombi DoÄŸalgaz,,70 M2,5-10,,HayÄ±r,,
23.000TL,atasoy emreâ€™ den merkezde kiÌ‡ralik iÌ‡Ã§iÌ‡ yapili daiÌ‡re,110 M2,3+1,5,4.Kat,Kombi DoÄŸalgaz,BoÅŸ,115 M2,21 Ve Ãœzeri,100 TL,HayÄ±r,1,
12.000TL,hÃ¼seyin Ã¼lker'den 100.yil bulvarinda 2+1 daiÌ‡re,80 M2,2+1,6,1.Kat,Kombi DoÄŸalgaz,BoÅŸ,120 M2,21 Ve Ãœzeri,,HayÄ±r,,
8.300TL,hiÌ‡sarâ€™dan yeniÌ‡ mah de sÃ¼per konumda 3 +1 kiÌ‡ralik daiÌ‡re,130 M2,3+1,4,4.Kat,Kombi DoÄŸalgaz,,140 M2,5-10,,HayÄ±r,3,
12.500TL,samsun atakum kÃ¶rfezde yerden isitmali cam balkonlu 1+1 kiÌ‡ralik sifir daiÌ‡re,50 M2,1+1,4,2.Kat,Kombi DoÄŸalgaz,BoÅŸ,55 M2,1,,HayÄ±r,,
12.000TL,iÌ‡lkadim saiÌ‡tbey mahallesiÌ‡nde kiÌ‡ralik daiÌ‡re,85 M2,2+1,5,1.Kat,Kombi DoÄŸalgaz,,98 M2,21 Ve Ãœzeri,,HayÄ±r,1,
9.000TL,nÅŸ ÅŸabandan adliÌ‡ye sarayinin orda geniÌ‡ÅŸ kiÌ‡ralik3+1 daiÌ‡re,150 M2,3+1,3,2.Kat,Kombi DoÄŸalgaz,BoÅŸ,170 M2,21 Ve Ãœzeri,,HayÄ±r,,
11.500TL,samsun atakum kÃ¶rfezde yerden isitmali ankastreliÌ‡ cam balkonlu 2+0 kiÌ‡ralik sifir daiÌ‡re,80 M2,2+0,5,Kot 1 (-1).Kat,Yerden IsÄ±tma,BoÅŸ,85 M2,1,,HayÄ±r,,
5.000TL,atakum kÃ¶rfez full eÅŸyali 1+1 kiÌ‡ralik daiÌ‡re,55 M2,1+1,4,BahÃ§e KatÄ±,Kombi DoÄŸalgaz,,60 M2,3,,HayÄ±r,,
16.000TL,atasoy gyoâ€™dan 3+1 masrafsiz full deniÌ‡z manzarali kiÌ‡ralik!!,110 M2,3+1,3,YÃ¼ksek GiriÅŸ,SobalÄ±,,120 M2,21 Ve Ãœzeri,30 TL,HayÄ±r,2,
8.500TL,emlak kent'ten sÄ±fÄ±r eÅŸyalÄ± kiralÄ±k 1+1 daire,45 M2,1+1,5,4.Kat,Kombi DoÄŸalgaz,EÅŸyalÄ±,50 M2,0 (Yeni),,HayÄ±r,,
13.000TL,*yayla gyd'den derebahcede kiralik 3+1 sifir daire firsat**,125 M2,3+1,5,4.Kat,Kombi DoÄŸalgaz,BoÅŸ,135 M2,0 (Yeni),,HayÄ±r,,
15.500TL,atakum yeniÌ‡mahalle eÅŸyali 1+1 kiÌ‡ralik daiÌ‡re,58 M2,1+1,5,5.Kat,Kombi DoÄŸalgaz,,65 M2,1,,HayÄ±r,,
5.500TL,uygun atakum miÌ‡marsiÌ‡nan mah. bankalar yedaÅŸ ve carrefour yani kiÌ‡ralik 2. kat 2+1,90 M2,2+1,4,2.Kat,Kombi DoÄŸalgaz,,100 M2,21 Ve Ãœzeri,150 TL,HayÄ±r,,
8.000TL,atasoy gyoâ€™dan selahiÌ‡ye mah 2+1 kiÌ‡ralik daiÌ‡re,90 M2,2+1,4,3.Kat,Kombi DoÄŸalgaz,,100 M2,21 Ve Ãœzeri,,HayÄ±r,2,
9.000TL,eÅŸyali kiÌ‡ralik 1+1 daiÌ‡re atakum kÃ¶rfez,40 M2,1+1,5,5.Kat,Kombi DoÄŸalgaz,EÅŸyalÄ±,41 M2,5-10,250 TL,HayÄ±r,,
8.500TL,mentiÌ‡s gayriÌ‡menkul'den yeÅŸiÌ‡ldere de kiÌ‡ralik eÅŸyali 2+1 daiÌ‡re,100 M2,2+1,3,Kot 3 (-3).Kat,Kombi DoÄŸalgaz,EÅŸyalÄ±,120 M2,11-15,,HayÄ±r,2,
18.000TL,kiÌ‡ralik daiÌ‡re 1+1 mutfak ayri eÅŸyasiz giÌ‡riÌ‡ÅŸ kat iÌ‡stiÌ‡klal mahallesiÌ‡,70 M2,1+1,5,BahÃ§e KatÄ±,Kombi DoÄŸalgaz,,80 M2,5-10,,HayÄ±r,,
7.750TL,exper gayriÌ‡menkulden 100. yil bulvarina cephe asansÃ¶rlÃ¼ 3+1 kiÌ‡ralik daiÌ‡re,130 M2,3+1,10,3.Kat,Kombi DoÄŸalgaz,,135 M2,21 Ve Ãœzeri,150 TL,HayÄ±r,1,
7.500TL,uygun atakum mevlana mah. deniÌ‡z manzarali 140 mÂ² net 3+1 4 balkonlu kiÌ‡ralik daiÌ‡re 4. kat,150 M2,3+1,5,4.Kat,Kombi DoÄŸalgaz,,160 M2,5-10,150 TL,HayÄ±r,,
10.000TL,uygun atakum mevlana mah. deniÌ‡z manzarali 140 mÂ² net 3+1 4 balkonlu kiÌ‡ralik daiÌ‡re 3. kat,150 M2,3+1,5,3.Kat,Kombi DoÄŸalgaz,,160 M2,5-10,,HayÄ±r,,
9.500TL,uygun atakum mevlana mah. deniÌ‡z manzarali 140 mÂ² net 3+1 4 balkonlu kiÌ‡ralik daiÌ‡re 2. kat,150 M2,3+1,5,2.Kat,Kombi DoÄŸalgaz,,160 M2,5-10,,HayÄ±r,,
5.500TL,uygun atakum mevlana mah. deniÌ‡z manzarali 140 mÂ² net 3+1 4 balkonlu kiÌ‡ralik daiÌ‡re 1. kat,150 M2,3+1,5,1.Kat,Kombi DoÄŸalgaz,,160 M2,5-10,150 TL,HayÄ±r,,
12.500TL,exper gayriÌ‡menkulden kiliÃ§dede mahallesiÌ‡nde 3+1 asansÃ¶rlÃ¼ kiÌ‡ralik daiÌ‡re,130 M2,3+1,5,4.Kat,Kombi DoÄŸalgaz,,135 M2,21 Ve Ãœzeri,150 TL,HayÄ±r,1,
16.000TLarrow_downward%6,berre gayriÌ‡menkul'den tramvaya yakin kiÌ‡ralik 1+1,50 M2,1+1,5,1.Kat,Kombi DoÄŸalgaz,,60 M2,5-10,,HayÄ±r,,
9.000TL,berre gayriÌ‡menkul'den ulugaziÌ‡ mahallesiÌ‡ ÅŸehiÌ‡r merkeziÌ‡nde 3+1,145 M2,3+1,5,1.Kat,Kombi DoÄŸalgaz,,160 M2,21 Ve Ãœzeri,,HayÄ±r,,
7.500TL,deniÌ‡ze yakin anayola cephe biÌ‡nada kiÌ‡ralik daiÌ‡re,130 M2,3+1,7,6.Kat,Kombi DoÄŸalgaz,,155 M2,16-20,250 TL,HayÄ±r,,
8.750TL,âœ…ï¸genÃ§bay emlak'tan iÌ‡lyaskÃ¶y mah giÌ‡riÌ‡ÅŸ kat 1+1 ful eÅŸyali kiÌ‡ralik temiÌ‡z daiÌ‡re,50 M2,1+1,3,DÃ¼z GiriÅŸ (Zemin),Kombi DoÄŸalgaz,EÅŸyalÄ±,55 M2,21 Ve Ãœzeri,30 TL,HayÄ±r,,
15.000TL,sezgiÌ‡n aslan'dan eÅŸyali kiÌ‡ralik 2+1 daiÌ‡re,95 M2,2+1,5,2.Kat,Kombi DoÄŸalgaz,,110 M2,21 Ve Ãœzeri,,HayÄ±r,,
8.000TL,damla emlak'dan Ã§akirlarda kiÌ‡ralik viÌ‡lla,250 M2,4+2,Kombi DoÄŸalgaz,2,BoÅŸ,EÅŸyalÄ±,280 M2,0 (Yeni),,HayÄ±r,,
8.000TL,tozluemlak'tan anayola cephe kiÌ‡ralik 1+1,47 M2,1+1,5,1.Kat,Kombi DoÄŸalgaz,EÅŸyalÄ±,55 M2,0 (Yeni),,Evet,,
20.000TL,iÌ‡lkadim bulvar Ã¼stÃ¼nde kiÌ‡ralik daiÌ‡re saiÌ‡tbey mahallesiÌ‡nde,88 M2,2+1,5,YÃ¼ksek GiriÅŸ,Kombi DoÄŸalgaz,,90 M2,21 Ve Ãœzeri,,HayÄ±r,1,
18.000TL,samsun atakum mevlÃ¢nÃ¢ mahallesiÌ‡nde deniÌ‡z manzarali kliÌ‡mali 2+1 kiÌ‡ralik daiÌ‡re,90 M2,2+1,8,Ã‡atÄ± KatÄ±,Kombi DoÄŸalgaz,BoÅŸ,100 M2,5-10,,HayÄ±r,,
16.000TL,iÌ‡lkadim kiran tokiÌ‡de kiÌ‡ralik daiÌ‡re,120 M2,3+1,8,3.Kat,Kombi DoÄŸalgaz,,135 M2,4,,HayÄ±r,1,
16.000TL,eÅŸyali kiÌ‡ralik 3+1 gÃ¼zel sanatlar fakÃ¼ltesiÌ‡ tramvaya yakin kalkancida,100 M2,3+1,2,1.Kat,Kombi DoÄŸalgaz,EÅŸyalÄ±,110 M2,16-20,50 TL,HayÄ±r,,
8.000TL,eviÌ‡m-nur'dan cediÌ‡t mh 2+1 1.kat 2 yillik firsat kiÌ‡ralik daiÌ‡re,85 M2,2+1,5,1.Kat,Kombi DoÄŸalgaz,BoÅŸ,90 M2,2,,HayÄ±r,,
8.000TL,3+1 145 m2 doÄŸalgazli kiÌ‡ralik daiÌ‡re,145 M2,3+1,4,4.Kat,Kombi DoÄŸalgaz,,155 M2,5-10,,HayÄ±r,,
12.500TL,kalkanca da kiÌ‡ralik Ã§ok geniÅŸ 2+1 daiÌ‡re,140 M2,2+1,4,4.Kat,Kombi DoÄŸalgaz,BoÅŸ,155 M2,5-10,200 TL,HayÄ±r,4 +,30 M2
15.000TL,kiÌ‡ralik 1+1 daiÌ‡re,45 M2,1+1,4,1.Kat,Kombi DoÄŸalgaz,BoÅŸ,60 M2,0 (Yeni),,HayÄ±r,,
5.000TL,balaÃ§ mevkiÌ‡siÌ‡nde ful deniÌ‡z manzarali kiÌ‡ralik daiÌ‡re,50 M2,1+1,4,4.Kat,Kombi DoÄŸalgaz,BoÅŸ,60 M2,4,,HayÄ±r,,
8.500TL,evim-nur'dan selahiye mah 3+1 asansÃ¶rlÃ¼ dogalgazli kiralik daire,110 M2,3+1,5,Kot 1 (-1).Kat,Kombi DoÄŸalgaz,BoÅŸ,125 M2,16-20,,HayÄ±r,,
35.000TL,korkmaz emlaktan mevlana mahallesiÌ‡nde 3+1 120 m2 sifir kiÌ‡ralik daiÌ‡re,120 M2,3+1,5,YÃ¼ksek GiriÅŸ,Kombi DoÄŸalgaz,BoÅŸ,135 M2,0 (Yeni),100 TL,HayÄ±r,2,
12.500TL,samsun iÌ‡lkadim kadiÌ‡fekale mahallesiÌ‡nde doÄŸalgazli temiÌ‡z 2+1 kiÌ‡ralik daiÌ‡re,90 M2,2+1,10,DÃ¼z GiriÅŸ (Zemin),Kombi DoÄŸalgaz,BoÅŸ,100 M2,11-15,,HayÄ±r,,
10.000TL,kw: atakum karayollari deniÌ‡z manzarali kiÌ‡ralik daiÌ‡re,154 M2,3+1,11,7.Kat,Kombi DoÄŸalgaz,,165 M2,16-20,,Evet,,
14.000TL,kw: atakum kÃ¶rfez eÅŸyali 1+1 kiÌ‡ralik daiÌ‡re,55 M2,1+1,5,YÃ¼ksek GiriÅŸ,Kombi DoÄŸalgaz,,63 M2,2,,HayÄ±r,,
10.000TL,emre kÃ¶se'den full deniÌ‡z manzarali kiÌ‡ralik 2+1 ultra lÃ¼ks daiÌ‡re,117 M2,2+1,7,5.Kat,Yerden IsÄ±tma,,135 M2,0 (Yeni),,HayÄ±r,,
10.000TL,emre kÃ¶se'den grand atakulede kiÌ‡ralik 4+1 sifir ultra lÃ¼ks daiÌ‡re,190 M2,4+1,27,1.Kat,Yerden IsÄ±tma,,205 M2,0 (Yeni),,HayÄ±r,,
10.000TL,emre kÃ¶se'den iÌ‡lkadim gaziÌ‡ caddesiÌ‡ kiÌ‡ralik 2+1 daiÌ‡re,120 M2,2+1,4,1.Kat,Kombi DoÄŸalgaz,,140 M2,11-15,,HayÄ±r,,
14.000TL,samsun iÌ‡lkadim kadikÃ¶y mahallesiÌ‡nde doÄŸalgazli 3+1 kiÌ‡ralik daiÌ‡re,120 M2,3+1,2,2.Kat,Kombi DoÄŸalgaz,BoÅŸ,130 M2,21 Ve Ãœzeri,,HayÄ±r,,
7.500TL,nÅŸ gayriÌ‡menkul serdal 'dan kiÌ‡ralik 2+1 daiÌ‡re,90 M2,2+1,5,3.Kat,Kombi DoÄŸalgaz,BoÅŸ,105 M2,0 (Yeni),,HayÄ±r,,
8.500TL,kamali tokiÌ‡ 1. etapta bakimlari yapili 3+1 geniÌ‡ÅŸ kiÌ‡ralik daiÌ‡re,120 M2,3+1,9,1.Kat,Kombi DoÄŸalgaz,,130 M2,11-15,,Evet,,
7.500TL,Ã¼niÌ‡versiÌ‡te tramvay duraÄŸinda kiÌ‡ralik 1+1 eÅŸyali daiÌ‡re,50 M2,1+1,5,5.Kat,Kombi DoÄŸalgaz,EÅŸyalÄ±,55 M2,5-10,,HayÄ±r,,
10.000TL,kiÌ‡ralik 3+1 daiÌ‡re,100 M2,3+1,5,1.Kat,Kombi DoÄŸalgaz,BoÅŸ,115 M2,21 Ve Ãœzeri,,HayÄ±r,,
6.000TL,as yapidan muhteÅŸem konum siÌ‡te iÌ‡Ã§iÌ‡ lÃ¼ks geniÌ‡ÅŸ kullaniÅŸli 3+1,145 M2,3+1,8,2.Kat,Kombi DoÄŸalgaz,BoÅŸ,155 M2,5-10,,Evet,,
6.500TL,Ã§avuÅŸunoÄŸlun'dan karÅŸiyaka mah'de kiÌ‡ralik daiÌ‡re 2+1 135mÂ²,125 M2,2+1,4,DÃ¼z GiriÅŸ (Zemin),Kombi DoÄŸalgaz,BoÅŸ,135 M2,16-20,,HayÄ±r,,
20.000TL,Ã§avuÅŸunoÄŸlun'dan karÅŸiyaka mah'de kiÌ‡ralik daiÌ‡re 2+1 135mÂ²,125 M2,2+1,4,DÃ¼z GiriÅŸ (Zemin),Kombi DoÄŸalgaz,,135 M2,16-20,,HayÄ±r,,
9.000TL,a.y.s. gayriÌ‡menkul ' dan 3+1 kiÌ‡ralik daiÌ‡re,130 M2,3+1,4,2.Kat,Kombi DoÄŸalgaz,,135 M2,16-20,,HayÄ±r,,
25.000TL,kÄ±lÄ±Ã§dede 5+1 kiralÄ±k daire,180 M2,5+1,5,4.Kat,Kombi DoÄŸalgaz,BoÅŸ,200 M2,21 Ve Ãœzeri,600 TL,HayÄ±r,2,
21.000TL,a.y.s. gayriÌ‡menkul ' dan 4+1 kiÌ‡ralik daiÌ‡re,150 M2,4+1,4,1.Kat,Kombi DoÄŸalgaz,,155 M2,11-15,,HayÄ±r,,
9.000TL,kÃ¶rfez'de kiÌ‡ralik 2+1 full deniÌ‡z manzarali daiÌ‡re,75 M2,2+1,4,3.Kat,Kombi DoÄŸalgaz,BoÅŸ,85 M2,0 (Yeni),100 TL,HayÄ±r,2,
4.500TL,âœ…ï¸genÃ§bay emlak'tan selahiÌ‡ye mah bulvara yakin 1+1 3.kat Ã§iÌ‡ft balkonlu masrafsiz kiÌ‡ralik daiÌ‡re,80 M2,1+1,3,3.Kat,Kombi DoÄŸalgaz,BoÅŸ,95 M2,21 Ve Ãœzeri,,HayÄ±r,2,
11.500TL,sahibinden vefa avm yakÄ±nÄ± 1. kat kiralÄ±k daire,150 M2,3+1,3,1.Kat,SobalÄ±,BoÅŸ,180 M2,21 Ve Ãœzeri,10 TL,HayÄ±r,2,
12.500TL,19 mayis bulvarinda 3+1 ara kat kiÌ‡ralik daiÌ‡re,130 M2,3+1,7,4.Kat,Kombi DoÄŸalgaz,,155 M2,11-15,250 TL,HayÄ±r,,
10.000TL,hiÌ‡sarâ€™dan kadikÃ¶y de 3+1 kiÌ‡ralik daiÌ‡re,120 M2,3+1,5,4.Kat,Kombi DoÄŸalgaz,,130 M2,16-20,,HayÄ±r,,
12.000TL,sahibinden 4+2 dubleks eÅŸyalÄ±,190 M2,4+2,3,3.Kat,Kombi DoÄŸalgaz,EÅŸyalÄ±,240 M2,11-15,60 TL,HayÄ±r,3,
19.999TL,berre gayriÌ‡menkul'den ulugaziÌ‡ mahallesiÌ‡ ÅŸehiÌ‡r merkeziÌ‡nde 3+1,145 M2,3+1,5,1.Kat,Kombi DoÄŸalgaz,,160 M2,21 Ve Ãœzeri,,HayÄ±r,,
10.500TL,truvadan kiÌ‡ralik deniÌ‡z manzarali 2+1 sifir daiÌ‡re,75 M2,2+1,6,3.Kat,Kombi DoÄŸalgaz,,85 M2,0 (Yeni),,HayÄ±r,,
10.500TL,atakum eÅŸyalÄ± kiralÄ±k 1+1,50 M2,1+1,4,YÃ¼ksek GiriÅŸ,Kombi DoÄŸalgaz,EÅŸyalÄ±,58 M2,0 (Yeni),,HayÄ±r,1,
8.500TLarrow_downward%15,atakum kiralÄ±k eÅŸyalÄ± 1+1,48 M2,1+1,6,5.Kat,Kombi DoÄŸalgaz,EÅŸyalÄ±,55 M2,4,,HayÄ±r,1,
25.000TL,atatepede Ã¶ÄŸrenciÌ‡ye uygun sifir biÌ‡nada geniÌ‡ÅŸ 1+1 giÌ‡riÌ‡ÅŸ kat daiÌ‡re,60 M2,1+1,9,DÃ¼z GiriÅŸ (Zemin),Kombi DoÄŸalgaz,BoÅŸ,70 M2,1,,HayÄ±r,,
13.000TL,eviÌ‡m-nur'dan unkapani mh 2+1 kiÌ‡ralik daiÌ‡re,110 M2,2+1,5,1.Kat,Kombi DoÄŸalgaz,BoÅŸ,120 M2,16-20,100 TL,HayÄ±r,1,
15.000TL,reviÌ‡zyon sÃ¼leyman karadaÅŸ'tan kÃ¶rfez de kiÌ‡ralik 1+1 daiÌ‡re,42 M2,1+1,4,2.Kat,Kombi DoÄŸalgaz,BoÅŸ,45 M2,0 (Yeni),,HayÄ±r,,
5.500TL,atakent'de samsun siÌ‡nop yoluna 1 sokak Ã©ÅŸyali kiralik 1+1,50 M2,1+1,5,YÃ¼ksek GiriÅŸ,Kombi DoÄŸalgaz,EÅŸyalÄ±,52 M2,4,,HayÄ±r,,
6.000TL,mevlana mahallesiÌ‡nde eÅŸyali kiÌ‡ralik 1+1 daiÌ‡re,45 M2,1+1,3,YÃ¼ksek GiriÅŸ,Kombi DoÄŸalgaz,EÅŸyalÄ±,50 M2,0 (Yeni),,HayÄ±r,,
15.000TL,ertaÅŸtan kiÌ‡ralik 1+1 pelitkÃ¶y tranvay duraÄŸina cephe,50 M2,1+1,5,3.Kat,Kombi DoÄŸalgaz,BoÅŸ,55 M2,0 (Yeni),,HayÄ±r,,
9.500TL,Ã¶mÃ¼revleriÌ‡ lozan cd 1 alt sokaÄŸi kiralik 2+1 daiÌ‡re,97 M2,2+1,5,2.Kat,Kombi DoÄŸalgaz,BoÅŸ,110 M2,16-20,,HayÄ±r,,
25.000TL,ertaÅŸ'tan pamuklu bulvarina cephe siÌ‡te iÌ‡Ã§eriÌ‡siÌ‡nde geniÌ‡ÅŸ 1+1,55 M2,1+1,5,1.Kat,Kombi DoÄŸalgaz,BoÅŸ,65 M2,1,,HayÄ±r,,
12.500TL,truva'dan pekiÌ‡tkÃ¶y toki'de deniÌ‡z manzarali asansÃ¶rlÃ¼ 3+1,120 M2,3+1,14,6.Kat,Merkezi DoÄŸalgaz,,135 M2,16-20,,Evet,,
10.000TL,kÃ¶rfez'de tramvaya cephe kiÌ‡ralik eÅŸyali 1+1 daiÌ‡re,55 M2,1+1,5,5.Kat,Kombi DoÄŸalgaz,EÅŸyalÄ±,65 M2,5-10,,HayÄ±r,,
14.000TL,samsun iÌ‡lkadim selahiÌ‡ye mahallesiÌ‡nde bulvara yÃ¼rÃ¼me mesafesiÌ‡nde ara kat 3+1 kiÌ‡ralik daiÌ‡re,120 M2,3+1,5,3.Kat,Kombi DoÄŸalgaz,BoÅŸ,130 M2,21 Ve Ãœzeri,,HayÄ±r,,
13.500TL,sahibinden sahiÌ‡biÌ‡nden gaziÌ‡ hastanesiÌ‡ne 10 dakiÌ‡ka mesafede kiÌ‡ralik daiÌ‡re,80 M2,2+1,5,YÃ¼ksek GiriÅŸ,Kombi DoÄŸalgaz,,85 M2,5-10,,HayÄ±r,,
6.000TL,reviÌ‡zyon'dan delÃ¼x hiÌ‡ll siÌ‡tesiÌ‡ deniÌ‡z manzarali lÃ¼x kiÌ‡ralik daiÌ‡re,210 M2,4+1,20,7.Kat,Merkezi (Pay Ã–lÃ§er),BoÅŸ,245 M2,2,1500 TL,HayÄ±r,,
9.000TLarrow_downward%18,akdur'dan kiÌ‡ralik dubleks,180 M2,5+1,4,4.Kat,Kombi DoÄŸalgaz,,190 M2,11-15,150 TL,HayÄ±r,,
8.000TL,iÌ‡lkadim bulvar Ã¼zeriÌ‡nde eÅŸyali kiÌ‡ralik daiÌ‡re,115 M2,3+1,8,3.Kat,Kombi DoÄŸalgaz,EÅŸyalÄ±,125 M2,21 Ve Ãœzeri,,HayÄ±r,1,
10.000TL,moon tower siÌ‡tesiÌ‡ panoramiÌ‡k deniÌ‡z atakum manzarali 3+1 daiÌ‡re,175 M2,3+1,30,22.Kat,Merkezi (Pay Ã–lÃ§er),,210 M2,4,,Evet,,
10.000TL,samsun iÌ‡lkadim kiliÃ§dede mahallesiÌ‡'nde asansÃ¶rlÃ¼ mÃ¼kemmel lokasyonda 3+1 kiÌ‡ralik daiÌ‡re,125 M2,3+1,6,2.Kat,Kombi DoÄŸalgaz,BoÅŸ,135 M2,21 Ve Ãœzeri,,HayÄ±r,,
7.000TL,atakum esenevleriÌ‡nde kiÌ‡ralik 2+1 daiÌ‡re akgÃ¼n kurumsaldan,80 M2,2+1,5,1.Kat,Kombi DoÄŸalgaz,BoÅŸ,90 M2,21 Ve Ãœzeri,,HayÄ±r,,
10.000TL,furkan emlak'tan unkapani mah.3+1 1.kat 120m2 doÄŸalgazli kiÌ‡ralik daiÌ‡re,120 M2,3+1,5,1.Kat,Kombi DoÄŸalgaz,BoÅŸ,135 M2,21 Ve Ãœzeri,100 TL,HayÄ±r,1,
7.000TL,m.can emlaktan kiÌ‡ralik daiÌ‡re,80 M2,2+1,5,YÃ¼ksek GiriÅŸ,Kombi DoÄŸalgaz,,90 M2,21 Ve Ãœzeri,,HayÄ±r,,
10.000TL,truvadan miÌ‡marsiÌ‡nan'da hastaneye yakin lÃ¼ks eÅŸyasiz 1+1 daiÌ‡re,55 M2,1+1,3,YÃ¼ksek GiriÅŸ,Kombi DoÄŸalgaz,,60 M2,2,,HayÄ±r,,
11.000TL,samsun iÌ‡lkadim kalkanci mahallesiÌ‡nde Ã§iÌ‡ft balkonlu masrafsiz temiÌ‡z 3+1 kiÌ‡ralik daiÌ‡re,145 M2,3+1,4,4.Kat,Kombi DoÄŸalgaz,BoÅŸ,155 M2,5-10,,HayÄ±r,,
8.000TLarrow_downward%6,âœ”ï¸genÃ§bay emlaktan zafer mahallesiÌ‡nde 2+1 3.kat asansÃ¶rlÃ¼ merkeziÌ‡ konumda temiÌ‡z kiÌ‡ralik daiÌ‡re,90 M2,2.5+1,5,4.Kat,Kombi Fueloil,,100 M2,16-20,150 TL,HayÄ±r,,
7.000TL,miÌ‡a'dan iÌ‡lkadim fevziÌ‡ Ã§akmak'ta kiÌ‡ralik 2+1 daiÌ‡re,100 M2,2+1,4,1.Kat,Kombi DoÄŸalgaz,BoÅŸ,110 M2,21 Ve Ãœzeri,100 TL,HayÄ±r,2,
33.000TL,atakum kiralÄ±k 2+1,95 M2,2+1,5,2.Kat,Kombi DoÄŸalgaz,BoÅŸ,110 M2,16-20,,HayÄ±r,2,
14.000TL,hÃ¼rriÌ‡yet mahallesiÌ‡nde 2+1 eÅŸyali kiÌ‡ralik daiÌ‡re,90 M2,2+1,4,DÃ¼z GiriÅŸ (Zemin),Kombi DoÄŸalgaz,,100 M2,21 Ve Ãœzeri,100 TL,HayÄ±r,,
14.000TL,Ã§iÌ‡ftlk caddesiÌ‡ yakininda kiÌ‡ralik 3+1 daiÌ‡re,110 M2,3+1,4,1.Kat,Kombi DoÄŸalgaz,,120 M2,21 Ve Ãœzeri,,HayÄ±r,,
25.000TL,gaziÌ‡ caddesiÌ‡ yakininda kiÌ‡ralik 2+1 daiÌ‡re,120 M2,2+1,4,1.Kat,Kombi DoÄŸalgaz,,140 M2,21 Ve Ãœzeri,,HayÄ±r,,
13.000TLarrow_downward%13,caniÌ‡k belediÌ‡yevleriÌ‡nde uygun fiÌ‡yatli kiÌ‡ralik 3+1 daiÌ‡re,120 M2,3+1,6,3.Kat,Kombi DoÄŸalgaz,,130 M2,16-20,,HayÄ±r,,
12.000TL,esenevlerde 2+1 kiÌ‡ralik daiÌ‡re,100 M2,2+1,5,1.Kat,Kombi DoÄŸalgaz,,115 M2,4,,HayÄ±r,,
9.000TLarrow_downward%9,atakum balac esyaliÌ‡ 1+1 daiÌ‡re,55 M2,1+1,5,3.Kat,Kombi DoÄŸalgaz,EÅŸyalÄ±,65 M2,4,,HayÄ±r,1,
7.000TL,avantaj gayriÌ‡menkul'den iÌ‡lkadim'da eÅŸyali 2+1 daiÌ‡re,75 M2,2+1,2,2.Kat,Kombi DoÄŸalgaz,,85 M2,21 Ve Ãœzeri,,HayÄ±r,,
10.000TL,as yapidan Ã¶mÃ¼revleriÌ‡ caÄŸaloÄŸluna 1 dakiÌ‡ka eÅŸyali 2+1,90 M2,2+1,5,1.Kat,Kombi DoÄŸalgaz,EÅŸyalÄ±,95 M2,5-10,,HayÄ±r,,
14.000TL,avantaj gayriÌ‡menkul'den caniÌ‡k'te kiÌ‡ralik 2+1 daiÌ‡re,90 M2,2+1,4,DÃ¼z GiriÅŸ (Zemin),Kombi DoÄŸalgaz,,100 M2,3,,HayÄ±r,,
8.000TLarrow_downward%6,"shell yakini, mevkiÌ‡ noktada, asansÃ¶rlÃ¼, lÃ¼ks 2+1 daiÌ‡re",85 M2,2+1,7,5.Kat,Kombi DoÄŸalgaz,,90 M2,21 Ve Ãœzeri,,HayÄ±r,,
7.000TL,"56'lar, adliÌ‡ye yakini, Ã§iÌ‡ft balkonlu, ara kat, 90 m2, 2+1 temiÌ‡z daiÌ‡re",90 M2,2+1,4,3.Kat,Kombi DoÄŸalgaz,,95 M2,21 Ve Ãœzeri,,HayÄ±r,,
14.500TL,"shell yakini, mevkiÌ‡ noktada, asansÃ¶rlÃ¼, lÃ¼ks 2+1 daiÌ‡re",85 M2,2+1,7,5.Kat,Kombi DoÄŸalgaz,,90 M2,21 Ve Ãœzeri,,HayÄ±r,,
8.000TL,"56'lar, adliÌ‡ye yakini, Ã§iÌ‡ft balkonlu, ara kat, 90 m2, 2+1 temiÌ‡z daiÌ‡re",90 M2,2+1,4,3.Kat,Kombi DoÄŸalgaz,,95 M2,21 Ve Ãœzeri,,HayÄ±r,,
9.000TL,kiralÄ±k daire,125 M2,3+1,4,1.Kat,Kombi DoÄŸalgaz,,135 M2,21 Ve Ãœzeri,,HayÄ±r,,
9.000TL,truva'dan ziÌ‡raat bankasi arkasi salon mutfak ayri ara kat 2+1,80 M2,1+1,4,1.Kat,Kombi DoÄŸalgaz,,100 M2,16-20,,HayÄ±r,,
8.000TL,kahveciÌ‡oÄŸlu emlak'tan genÃ§liÌ‡k cad.kiÌ‡ralik 2+1 daiÌ‡re,90 M2,2+1,5,4.Kat,Kombi DoÄŸalgaz,,105 M2,21 Ve Ãœzeri,,HayÄ±r,,
13.500TL,emre kÃ¶seâ€™den derekÃ¶yâ€™de aylik veya yillik kiÌ‡ralik deniÌ‡ze sifir eÅŸyali yazlik,100 M2,3+1,2,2.Kat,GÃ¼neÅŸ Enerjisi,EÅŸyalÄ±,130 M2,21 Ve Ãœzeri,0 TL,HayÄ±r,1,
10.000TL,yayla gayriÌ‡menkulden iÌ‡lkadim iÌ‡stasyon da kiÌ‡ralik 3+1 merkezÃ® konumda full furniÌ‡shed for rent,115 M2,3+1,4,2.Kat,Kombi DoÄŸalgaz,EÅŸyalÄ±,125 M2,21 Ve Ãœzeri,100 TL,HayÄ±r,,
6.250TL,"alan emlak; yeni mah. tramv. yakÄ±nÄ±nda, ara kat, eÅŸyalÄ± daire",55 M2,1+1,8,7.Kat,Kombi DoÄŸalgaz,EÅŸyalÄ±,60 M2,5-10,,HayÄ±r,,
14.500TLarrow_downward%6,truva'dan kÃ¶rfezde ara kat eÅŸyasiz asansÃ¶rlÃ¼ 1+1 daiÌ‡re,55 M2,1+1,6,4.Kat,Kombi DoÄŸalgaz,,60 M2,3,,HayÄ±r,,
9.000TL,samsun iÌ‡lkadim kadiÌ‡fekale mah 2+1 1.kat 2 balkon 90m2 kiÌ‡ralik daiÌ‡re,90 M2,2+1,6,1.Kat,Kombi DoÄŸalgaz,BoÅŸ,105 M2,0 (Yeni),,HayÄ±r,2,
15.000TL,samsun iÌ‡lkadim 19 mayis mahallesiÌ‡nde sifir yapili mÃ¼kemmel lokasyonda 2+1 kiÌ‡ralik daiÌ‡re,120 M2,2+1,4,1.Kat,Kombi DoÄŸalgaz,BoÅŸ,140 M2,21 Ve Ãœzeri,,HayÄ±r,,
8.000TL,uygun atakum miÌ‡marsiÌ‡nan mah. bankalar yedaÅŸ ve carrefour yani kiÌ‡ralik 2. kat 2+1,90 M2,2+1,4,2.Kat,Kombi DoÄŸalgaz,,100 M2,21 Ve Ãœzeri,,HayÄ±r,,
11.000TL,hiÌ‡sar'dan kadikÃ¶yde eÅŸyali kiÌ‡ralik,90 M2,2+1,3,1.Kat,Kombi DoÄŸalgaz,EÅŸyalÄ±,110 M2,21 Ve Ãœzeri,,HayÄ±r,,
7.000TL,sahiÌ‡lde full eÅŸyali 3+1 sezonluk kiÌ‡ralik daiÌ‡re,180 M2,3+2,4,4.Kat,IsÄ±tma Yok,EÅŸyalÄ±,220 M2,21 Ve Ãœzeri,,HayÄ±r,2,
90.000TL,100. yil bulvarina cephe 2+1 doÄŸalgazli daiÌ‡re,95 M2,2+1,4,1.Kat,Kombi DoÄŸalgaz,BoÅŸ,100 M2,21 Ve Ãœzeri,,HayÄ±r,,
10.000TL,bahÃ§eliÌ‡evlerde kiÌ‡ralik 3+1 daiÌ‡re yÃ¼ksek giÌ‡riÌ‡ÅŸ kat,120 M2,3+1,7,YÃ¼ksek GiriÅŸ,Kombi DoÄŸalgaz,BoÅŸ,125 M2,21 Ve Ãœzeri,,HayÄ±r,,
12.750TL,iÌ‡lkadim adalet mahallesiÌ‡nde uygun 3+1 kiÌ‡ralik daiÌ‡re,125 M2,3+1,5,3.Kat,Kombi DoÄŸalgaz,BoÅŸ,130 M2,21 Ve Ãœzeri,,HayÄ±r,,
6.000TL,iÌ‡lkadim bahÃ§eliÌ‡evlerde kiÌ‡ralik dubleks daiÌ‡re 2+1,110 M2,2+1,9,5.Kat,Kombi DoÄŸalgaz,BoÅŸ,115 M2,21 Ve Ãœzeri,,HayÄ±r,,
10.000TL,iÌ‡lkadim bahÃ§eliÌ‡evlerde kiÌ‡ralik 2+1 80 m2 kiÌ‡ralik daiÌ‡re,79 M2,2+1,5,2.Kat,Kombi DoÄŸalgaz,BoÅŸ,80 M2,21 Ve Ãœzeri,,HayÄ±r,,
9.000TL,samsun iÌ‡lkadim kiliÃ§dede mh de 3+1 kiÌ‡ralik daiÌ‡re,125 M2,3+1,4,2.Kat,Kombi DoÄŸalgaz,BoÅŸ,130 M2,21 Ve Ãœzeri,,HayÄ±r,,
11.000TL,adalet mh de zÃ¼beyde hanim parkina yakin 3+1 kiÌ‡ralik daiÌ‡re,125 M2,3+1,5,2.Kat,Kombi DoÄŸalgaz,BoÅŸ,130 M2,21 Ve Ãœzeri,,HayÄ±r,,
7.750TL,atakum iÌ‡stiÌ‡klal mh.afad yani kiÌ‡ralik 1+1 daiÌ‡re,50 M2,1+1,4,2.Kat,Yerden IsÄ±tma,BoÅŸ,55 M2,0 (Yeni),,HayÄ±r,,
20.000TL,atakum deniÌ‡ze sifir eÅŸyali kiÌ‡ralik 1+1 daiÌ‡re,55 M2,1+1,3,3.Kat,Merkezi (Pay Ã–lÃ§er),EÅŸyalÄ±,60 M2,11-15,,HayÄ±r,,
9.000TL,ataÅŸehiÌ‡r'den tramvaya yakin ful eÅŸyali ara kat 1+1 eÅŸyali daiÌ‡re,50 M2,1+1,5,2.Kat,Kombi DoÄŸalgaz,EÅŸyalÄ±,55 M2,1,,HayÄ±r,,
7.500TL,toraman gym'den bulvara cephe eÅŸyali kiralik daiÌ‡re,50 M2,1+1,4,4.Kat,Kombi DoÄŸalgaz,EÅŸyalÄ±,55 M2,0 (Yeni),,HayÄ±r,,
7.500TL,tramvay duraÄŸina yakin kiÌ‡ralik 1+1 daiÌ‡re,50 M2,1+1,5,3.Kat,Kombi DoÄŸalgaz,BoÅŸ,55 M2,0 (Yeni),,HayÄ±r,,
10.000TL,avantaj gayriÌ‡menkul'den iÌ‡lkadim'da kiÌ‡ralik 2+1 daiÌ‡re,90 M2,2+1,5,5.Kat,Kombi DoÄŸalgaz,,100 M2,21 Ve Ãœzeri,,HayÄ±r,,
6.000TL,samsun iÌ‡lkadim hÃ¼rriÌ‡yet mahallesiÌ‡nde doÄŸalgazli merkeziÌ‡ konumda 3+1 kiÌ‡ralik daiÌ‡re,110 M2,3+1,4,4.Kat,Kombi DoÄŸalgaz,BoÅŸ,120 M2,21 Ve Ãœzeri,,HayÄ±r,,
12.000TL,atakum/mevlana mah. kiÌ‡ralik eÅŸyali 2+1,120 M2,2+1,5,5.Kat,Merkezi DoÄŸalgaz,EÅŸyalÄ±,125 M2,21 Ve Ãœzeri,100 TL,HayÄ±r,1,
10.000TL,enes emlak ÅŸefaattiÌ‡n saÄŸdiÅŸ'tan kiÌ‡ralik 2+1 daiÌ‡re,85 M2,2+0,5,DÃ¼z GiriÅŸ (Zemin),Kombi DoÄŸalgaz,BoÅŸ,95 M2,0 (Yeni),,HayÄ±r,,
9.000TL,sahibinden atakumgokdelenkule kiralÄ±k daire,187 M2,3.5+1,30,11.Kat,Merkezi (Pay Ã–lÃ§er),BoÅŸ,217 M2,5-10,2250 TL,Evet,2,
21.000TL,reviÌ‡zyon iÌ‡ÅŸÃ§iÌ‡men'den kiÌ‡ralik 1+1 daiÌ‡re,45 M2,1+1,5,4.Kat,Kombi DoÄŸalgaz,,55 M2,0 (Yeni),,HayÄ±r,,
10.500TL,tramvaya yakin bahÃ§eliÌ‡ kiÌ‡ralik daiÌ‡re,110 M2,2+1,4,DÃ¼z GiriÅŸ (Zemin),Kombi DoÄŸalgaz,BoÅŸ,120 M2,21 Ve Ãœzeri,,HayÄ±r,,
10.000TL,*yayla gyd'den atakum bornova cad. kiralik 3+1 lÃ¼ks daire,140 M2,3+1,3,1.Kat,Kombi DoÄŸalgaz,BoÅŸ,145 M2,5-10,,HayÄ±r,,
8.000TL,korkmaz emlaktan iÌ‡shakli mahallesiÌ‡nde full yapili 3+1 kiÌ‡ralik daiÌ‡re,120 M2,3+1,4,4.Kat,Kombi DoÄŸalgaz,BoÅŸ,125 M2,21 Ve Ãœzeri,100 TL,HayÄ±r,2,
7.500TL,uygun full eÅŸyali atakum mevlana mah. osmanli hamami yani 1. kat 2+1 kamera gÃ¼venliÌ‡k siÌ‡st,75 M2,2+1,5,2.Kat,Kombi DoÄŸalgaz,EÅŸyalÄ±,90 M2,21 Ve Ãœzeri,50 TL,HayÄ±r,,
10.000TL,"uygun, atakum tÃ¼rkiÌ‡ÅŸ mediÌ‡kalpark arkasinda 2 oda 1 mutfak wc banyo bahÃ§e kati",70 M2,1+1,3,BahÃ§e KatÄ±,Kombi DoÄŸalgaz,,80 M2,11-15,100 TL,HayÄ±r,,
10.000TL,samsun iÌ‡lkadim unkapani mahallesiÌ‡nde doÄŸalgazli 3+1 kiÌ‡ralik daiÌ‡re,105 M2,3+1,3,3.Kat,Kombi DoÄŸalgaz,BoÅŸ,115 M2,21 Ve Ãœzeri,,HayÄ±r,,
10.500TL,eÅŸyali kiÌ‡ralik 3+1 gÃ¼zel sanatlar fakÃ¼ltesiÌ‡ tramvaya yakin kalkancida,100 M2,3+1,2,1.Kat,Kombi DoÄŸalgaz,EÅŸyalÄ±,110 M2,16-20,50 TL,HayÄ±r,,
34.000TL,genÃ§bay emlak'tan kadikÃ¶y mah 1.kat 2+1 ful eÅŸyali kiÌ‡ralik temiÌ‡z daiÌ‡re,90 M2,2+1,3,1.Kat,Kombi DoÄŸalgaz,EÅŸyalÄ±,100 M2,21 Ve Ãœzeri,50 TL,HayÄ±r,1,
10.000TL,atakum yeniÌ‡mahalle iÌ‡hlas evleriÌ‡ siÌ‡tesiÌ‡nde kiÌ‡ralik 3+1 daiÌ‡re,125 M2,3+1,9,DÃ¼z GiriÅŸ (Zemin),Merkezi (Pay Ã–lÃ§er),BoÅŸ,135 M2,5-10,,Evet,,
10.000TL,iÌ‡lkadim 100. yilin bulvarina cephe full eÅŸyali kiÌ‡ralik daiÌ‡re,100 M2,2+1,10,8.Kat,Kombi DoÄŸalgaz,,125 M2,16-20,,HayÄ±r,,
20.000TL,samsun iÌ‡lkadim zeytiÌ‡nliÌ‡k mahallesiÌ‡'nde diÅŸ cepheliÌ‡ doÄŸalgazli 3+1 kiÌ‡ralik daiÌ‡re,115 M2,3+1,4,DÃ¼z GiriÅŸ (Zemin),Kombi DoÄŸalgaz,BoÅŸ,125 M2,21 Ve Ãœzeri,,HayÄ±r,,
10.000TL,samsun iÌ‡lkadim karadeniÌ‡z mahallesiÌ‡nde mÃ¼kemmel lokasyonda 2+1 kiÌ‡ralik daiÌ‡re,80 M2,2+1,5,2.Kat,Kombi DoÄŸalgaz,BoÅŸ,90 M2,21 Ve Ãœzeri,,HayÄ±r,,
14.500TL,samsun atakum turkiÅŸ re gÃ¼nlÃ¼k kiralÄ±k 1+1mutfaklÄ± geniÅŸ daire,65 M2,1+1,2,2.Kat,Kombi DoÄŸalgaz,,75 M2,4,,HayÄ±r,,
5.000TL,sahibinden fener tramvay duraÄŸina 100 metre,105 M2,2.5+1,5,2.Kat,Kombi DoÄŸalgaz,,120 M2,21 Ve Ãœzeri,100 TL,HayÄ±r,3,
10.000TL,"alan emlak; lozan caddesinde, ara kat, boÅŸ daire, asansÃ¶rlÃ¼",100 M2,2+1,4,YÃ¼ksek GiriÅŸ,Kombi DoÄŸalgaz,BoÅŸ,110 M2,21 Ve Ãœzeri,,HayÄ±r,,
7.750TL,anadolu'dan samsun atakum yenimahalle'de kiralÄ±k dubleks daire,160 M2,5+1,7,6.Kat,Kombi DoÄŸalgaz,BoÅŸ,185 M2,11-15,,HayÄ±r,,
12.000TL,samsun atakum esenevler eÅŸyali kiÌ‡ralik 1+1 daiÌ‡re,50 M2,1+1,3,1.Kat,Kombi DoÄŸalgaz,EÅŸyalÄ±,60 M2,4,,HayÄ±r,,
9.500TL,samsun iÌ‡lkadim kadikÃ¶y mahallesiÌ‡nde doÄŸalgazli ara kat merkeziÌ‡ konumda 3+1 kiÌ‡ralik daiÌ‡re,150 M2,3+1,5,3.Kat,Kombi DoÄŸalgaz,BoÅŸ,170 M2,21 Ve Ãœzeri,,HayÄ±r,,
7.500TL,samsun atakum kÃ¶rfezde yerden isitmali 1+1 kiÌ‡ralik sifir daiÌ‡re,45 M2,1+1,3,2.Kat,Yerden IsÄ±tma,BoÅŸ,55 M2,1,,HayÄ±r,,
9.500TL,samsun atakum esenevlerde aboneliÌ‡kleriÌ‡ aÃ§ik mÃ¼kemmel lokasyonda 2+1 eÅŸyali kiÌ‡ralik daiÌ‡re,75 M2,2+1,4,4.Kat,Kombi DoÄŸalgaz,EÅŸyalÄ±,115 M2,16-20,,HayÄ±r,,
300TL,kÃ¶prÃ¼ grup'tan merkeziÌ‡ konumda kiÌ‡ralik 2+1 daiÌ‡re,100 M2,2+1,5,4.Kat,Kombi DoÄŸalgaz,BoÅŸ,120 M2,16-20,,HayÄ±r,,
9.000TL,kÃ¶rfezde full deniz manzaralÄ± tramvaya Ã§ok yakÄ±n 1+1 kiralÄ±klar,50 M2,1+1,5,4.Kat,Kombi DoÄŸalgaz,EÅŸyalÄ±,60 M2,0 (Yeni),,HayÄ±r,,
10.500TLarrow_downward%25,reviÌ‡zyon mariÌ‡na'dan atakum reziÌ‡dans'ta eÅŸyali kiÌ‡ralik 2+1 daiÌ‡re,80 M2,2+1,15,9.Kat,Merkezi DoÄŸalgaz,EÅŸyalÄ±,90 M2,11-15,1180 TL,HayÄ±r,,
15.000TL,âœ…ï¸genÃ§bay emlak'tan adalet mah 3.kat 3+1 Ã¼Ã§ balkonlu merkeziÌ‡ konumda boÅŸ kiÌ‡ralik firsat daiÌ‡re,125 M2,3+1,4,3.Kat,Kombi DoÄŸalgaz,BoÅŸ,140 M2,11-15,,HayÄ±r,3,
13.000TL,tekkekÃ¶y 19 mayis ta kiÌ‡ralik 3+1,135 M2,3+1,5,YÃ¼ksek GiriÅŸ,Kombi DoÄŸalgaz,BoÅŸ,138 M2,21 Ve Ãœzeri,50 TL,HayÄ±r,2,
9.000TL,sahibinden mert emlak kiralÄ±k daire,120 M2,2+1,5,3.Kat,Kombi DoÄŸalgaz,BoÅŸ,130 M2,21 Ve Ãœzeri,,HayÄ±r,2,
8.000TL,iÌ‡lkadim kuÅŸÃ§ulu mahallesiÌ‡nde mÃ¼stakiÌ‡l kiÌ‡ralik ev,95 M2,2+1,1,DÃ¼z GiriÅŸ (Zemin),DoÄŸalgaz SobalÄ±,,100 M2,21 Ve Ãœzeri,,HayÄ±r,,
12.000TL,gÃ¶rgÃ¼lÃ¼ emlak'tan kiÌ‡ralik doÄŸalgazli daiÌ‡re,115 M2,2+1,4,1.Kat,DoÄŸalgaz SobalÄ±,,130 M2,11-15,,HayÄ±r,,
11.500TL,kahveciÌ‡oÄŸlu emlak'tan hacinabiÌ‡ mah.kiÌ‡ralik eÅŸyali 2+1 daiÌ‡re,90 M2,2+1,3,2.Kat,Kombi DoÄŸalgaz,,100 M2,21 Ve Ãœzeri,,HayÄ±r,,
11.000TL,ğŸ’¥yayla gyd'den atakum mevlÃ¢n mah. kiralik 3+1 lÃ¼ks daire,140 M2,3+1,4,1.Kat,Kombi DoÄŸalgaz,BoÅŸ,145 M2,5-10,300 TL,HayÄ±r,2,
12.000TL,adalet mahallesiÌ‡nde 3+1 kiÌ‡ralik daiÌ‡re,125 M2,3+1,5,2.Kat,Kombi DoÄŸalgaz,,130 M2,21 Ve Ãœzeri,50 TL,HayÄ±r,,
14.500TL,samsun atakum kÃ¶rfez'de deniz doÄŸa manzaralÄ± kiralÄ±k 3+1 daire,150 M2,3+1,4,3.Kat,Kombi DoÄŸalgaz,,160 M2,4,,HayÄ±r,,
7.500TLarrow_downward%6,bahÃ§eliÌ‡evler mahallesiÌ‡nde 2+1 kiÌ‡ralik daiÌ‡re,80 M2,2+1,5,2.Kat,Kombi DoÄŸalgaz,,90 M2,21 Ve Ãœzeri,250 TL,HayÄ±r,,
8.000TL,adalet mahallesiÌ‡nde kiÌ‡ralik 3+1 daiÌ‡re,125 M2,3+1,5,3.Kat,Kombi DoÄŸalgaz,,130 M2,21 Ve Ãœzeri,100 TL,HayÄ±r,3,
5.000TL,100.yil bulvari kiÌ‡liÌ‡se kavÅŸaÄŸi kiÌ‡ralik daiÌ‡re,120 M2,3+1,8,7.Kat,Merkezi DoÄŸalgaz,,135 M2,21 Ve Ãœzeri,,HayÄ±r,,
7.750TL,iÌ‡lyaskÃ¶yde iÌ‡Ã§iÌ‡ yapili 3+1 kiÌ‡ralik daiÌ‡re,125 M2,3+1,4,4.Kat,Kombi DoÄŸalgaz,,140 M2,21 Ve Ãœzeri,,HayÄ±r,,
7.500TL,referansdan muhteÅŸem lokasyonda eÅŸyalÄ± kiralÄ±k 1+1 daire,50 M2,1+1,2,2.Kat,Kombi DoÄŸalgaz,EÅŸyalÄ±,55 M2,1,,HayÄ±r,,
18.000TL,atakum yeÅŸiÌ‡ldere mah.de deniÌ‡ziÌ‡ gÃ¶ren 2+1 kiÌ‡ralik daiÌ‡re,110 M2,2+1,4,3.Kat,Kombi DoÄŸalgaz,BoÅŸ,130 M2,21 Ve Ãœzeri,,HayÄ±r,,
10.000TL,kÃ¶prÃ¼ grup'tan siÌ‡te iÌ‡Ã§eriÌ‡siÌ‡nde kiÌ‡ralik sifir eÅŸyali 1+1 daiÌ‡re,50 M2,1+1,5,4.Kat,Kombi DoÄŸalgaz,EÅŸyalÄ±,55 M2,0 (Yeni),,HayÄ±r,,
18.000TL,sahibinden kiÌ‡ralik daiÌ‡re,160 M2,4+1,5,5.Kat,Kombi DoÄŸalgaz,,175 M2,21 Ve Ãœzeri,,HayÄ±r,2,
6.000TL,samsun iÌ‡lkadim karasamsun mahallesiÌ‡nde tertemiÌ‡z masrafsiz 3+1 kiÌ‡ralik daiÌ‡re,95 M2,3+1,3,3.Kat,Kombi DoÄŸalgaz,BoÅŸ,100 M2,3,,HayÄ±r,,
7.500TL,iÌ‡stasyon mahallesiÌ‡nde 3+1 kiÌ‡ralik daiÌ‡re,125 M2,3+1,5,4.Kat,Kombi DoÄŸalgaz,,145 M2,21 Ve Ãœzeri,100 TL,HayÄ±r,,
15.000TL,atakum tÃ¼rkiÌ‡ÅŸde kiÌ‡ralik 3+1 daiÌ‡re,125 M2,3+1,6,6.Kat,Kombi DoÄŸalgaz,,145 M2,16-20,100 TL,HayÄ±r,,
7.500TLarrow_downward%6,bahÃ§eliÌ‡evler mahallesiÌ‡nde kiÌ‡ralik 2+1 daiÌ‡re,100 M2,2+1,4,3.Kat,Kombi DoÄŸalgaz,,110 M2,21 Ve Ãœzeri,,HayÄ±r,,
13.000TL,Ã§iÌ‡ftliÌ‡k mahallesiÌ‡nde kiÌ‡ralik 2+1 daiÌ‡re,100 M2,2+1,5,1.Kat,Kombi DoÄŸalgaz,,110 M2,21 Ve Ãœzeri,50 TL,HayÄ±r,,
7.000TL,gÃ¶rgÃ¼lÃ¼ emlak'tan kiÌ‡ralik doÄŸalgazli daiÌ‡re,135 M2,3+1,4,1.Kat,Kombi DoÄŸalgaz,,150 M2,11-15,200 TL,HayÄ±r,2,
13.500TL,"uygun, atakum tÃ¼rkiÌ‡ÅŸ mediÌ‡kalpark arkasinda 2 oda 1 mutfak wc banyo bahÃ§e kati",70 M2,2+1,4,BahÃ§e KatÄ±,Kombi DoÄŸalgaz,BoÅŸ,80 M2,5-10,,HayÄ±r,,20 M2
13.000TL,adalet mahallesiÌ‡nde 3+1 kiÌ‡ralik daiÌ‡re,110 M2,3+1,9,5.Kat,Kombi DoÄŸalgaz,,120 M2,21 Ve Ãœzeri,,HayÄ±r,,
8.000TL,atakent sahiÌ‡lde hariÌ‡ka konumlu 3+1 kiÌ‡ralik eÅŸyali daiÌ‡re,80 M2,3+1,4,YÃ¼ksek GiriÅŸ,Kombi DoÄŸalgaz,,100 M2,5-10,,HayÄ±r,,
13.000TL,gÃ¼lpark yaÅŸam evleriÌ‡ 2 siÌ‡tesiÌ‡nde lÃ¼ks eÅŸyali kiÌ‡ralik daiÌ‡re,50 M2,1+1,5,4.Kat,Kombi DoÄŸalgaz,,55 M2,0 (Yeni),,HayÄ±r,,
7.000TL,_karan_deniÌ‡z manzarali bulvara cephe lÃ¼ks eÅŸyali 1+1 daiÌ‡re,50 M2,1+1,6,5.Kat,Kombi DoÄŸalgaz,EÅŸyalÄ±,55 M2,3,,HayÄ±r,1,
10.000TL,doÄŸan emlak grouptan selahiÌ‡ye mh 2+1 kod -1 kiÌ‡ralik daiÌ‡re,70 M2,2+1,4,Kot 1 (-1).Kat,Kombi DoÄŸalgaz,,75 M2,5-10,,HayÄ±r,1,
12.500TL,samsun atakum kÃ¶rfezde yerden isitmali mÃ¼kemmel lokasyonda sifir 1+1 kiÌ‡ralik daiÌ‡re,45 M2,1+1,5,1.Kat,Yerden IsÄ±tma,BoÅŸ,55 M2,1,,HayÄ±r,,
15.000TL,_karan_kÃ¶rfez mahallesiÌ‡nde eÅŸyali kiÌ‡ralik 1+1 daiÌ‡re,45 M2,1+1,6,2.Kat,Kombi DoÄŸalgaz,EÅŸyalÄ±,50 M2,2,,HayÄ±r,1,
19.500TLarrow_downward%11,ns gayriÌ‡menkul diÌ‡lekten korfezde kiralik 2+1 daiÌ‡re,70 M2,2+1,5,2.Kat,Kombi DoÄŸalgaz,BoÅŸ,85 M2,0 (Yeni),,HayÄ±r,,
13.500TL,ns gayriÌ‡menkul diÌ‡lekten kiÌ‡raliÌ‡k 2+1 daiÌ‡re,110 M2,3+1,5,1.Kat,Kombi DoÄŸalgaz,BoÅŸ,125 M2,0 (Yeni),,HayÄ±r,,
16.000TL,*yayla gyd 'den yeni adliye Ã¼stÃ¼ kiralik 2+1 daire,85 M2,2+1,4,1.Kat,Kombi DoÄŸalgaz,,100 M2,16-20,,HayÄ±r,,
7.500TL,atasoy gyoâ€™dan 4+1 kiÌ‡ralik daiÌ‡re,200 M2,4+1,16,1.Kat,Kombi DoÄŸalgaz,,250 M2,11-15,,Evet,,
9.000TL,samsun atakum miÌ‡marsiÌ‡nan mahallesiÌ‡nde aboneliÌ‡kleriÌ‡ aÃ§ik 3+1 eÅŸyali kiÌ‡ralik daiÌ‡re,110 M2,3+1,5,YÃ¼ksek GiriÅŸ,Kombi DoÄŸalgaz,EÅŸyalÄ±,120 M2,21 Ve Ãœzeri,,HayÄ±r,,
11.500TL,reviÌ‡zyon'dan yeniÌ‡mahalle bakon siÌ‡tesiÌ‡ eÅŸyali kiÌ‡ralik 1+1 daiÌ‡re,60 M2,1+1,10,6.Kat,Merkezi DoÄŸalgaz,EÅŸyalÄ±,65 M2,5-10,400 TL,HayÄ±r,,
11.000TL,bafra altinkaya mh. kiÌ‡ralik 4+1 daiÌ‡re,185 M2,4+1,5,2.Kat,Kombi DoÄŸalgaz,BoÅŸ,195 M2,16-20,100 TL,HayÄ±r,3,
12.000TL,samsun atakum tÃ¼rk-iÌ‡ÅŸte mÃ¼kemmel lokasyonda eÅŸyasiz 2+1 kiÌ‡ralik daiÌ‡re,90 M2,2+1,4,4.Kat,Kombi DoÄŸalgaz,BoÅŸ,100 M2,21 Ve Ãœzeri,,HayÄ±r,,
8.000TL,samsun belediÌ‡ye evleriÌ‡ mah. deniÌ‡z manzarali 3.kat 3+1 asansÃ¶rlÃ¼ kiÌ‡ralik firsat daiÌ‡re,120 M2,3+1,5,3.Kat,Kombi DoÄŸalgaz,,140 M2,16-20,,HayÄ±r,3,
24.000TL,"viÌ‡lla tadinda, deniÌ‡z ÅŸehiÌ‡r ve orman manzarali 2+1 lÃ¼ks daiÌ‡re",105 M2,2+1,10,4.Kat,Kombi DoÄŸalgaz,BoÅŸ,115 M2,4,,HayÄ±r,,
13.000TL,"viÌ‡lla tadinda, deniÌ‡z ÅŸehiÌ‡r ve orman manzarali 2+1 lÃ¼ks daiÌ‡re",105 M2,2+1,10,4.Kat,Kombi DoÄŸalgaz,BoÅŸ,115 M2,4,,HayÄ±r,,
12.000TL,kiralÄ±k daire kireÃ§tepe oarkÄ± karÅŸÄ±sÄ±,90 M2,2+1,5,DÃ¼z GiriÅŸ (Zemin),Kombi DoÄŸalgaz,,95 M2,21 Ve Ãœzeri,100 TL,HayÄ±r,1,
10.000TLarrow_downward%13,uygun full eÅŸyali atakum mevlana mah. osmanli hamami yani 1. kat 2+1 kamera gÃ¼venliÌ‡k siÌ‡st,70 M2,2+1,5,2.Kat,Kombi DoÄŸalgaz,,90 M2,21 Ve Ãœzeri,50 TL,HayÄ±r,,
10.250TLarrow_downward%15,hanedan konutlarinda kiÌ‡ralik 3+1 lÃ¼ks daiÌ‡re,140 M2,3+1,3,3.Kat,Kombi DoÄŸalgaz,BoÅŸ,165 M2,4,,HayÄ±r,,
9.500TL,diÌ‡ÅŸ hastanesiÌ‡ karÅŸisinda kiÌ‡ralik 3+1 sifir ayarinda daiÌ‡re,138 M2,3+1,4,4.Kat,Kombi DoÄŸalgaz,BoÅŸ,153 M2,5-10,,HayÄ±r,,
10.000TL,sofuoÄŸlu camiÌ‡iÌ‡ karÅŸisinda kiÌ‡ralik mÃ¼stakiÌ‡l 3+1 daiÌ‡re bahÃ§eliÌ‡,124 M2,3+1,3,1.Kat,Kombi DoÄŸalgaz,BoÅŸ,136 M2,11-15,,HayÄ±r,,
15.000TL,ekipten kÄ±ÅŸla mahallesinde 1+1 kaÃ§Ä±rÄ±lmaz kiralik daire,80 M2,1+1,5,Ã‡atÄ± KatÄ±,Merkezi DoÄŸalgaz,BoÅŸ,90 M2,16-20,,HayÄ±r,2,
15.000TL,samsun liÌ‡man mah asansÃ¶rlÃ¼ 3+1 4.kat kiÌ‡ralik daiÌ‡re,130 M2,3+1,7,4.Kat,Kombi DoÄŸalgaz,,140 M2,21 Ve Ãœzeri,,HayÄ±r,,
7.500TL,ekiÌ‡p emlaktan iÌ‡lkadim adalet karadeniÌ‡z caddesiÌ‡ 3+1 kiÌ‡raliÌ‡k,125 M2,3+1,9,5.Kat,Kombi DoÄŸalgaz,BoÅŸ,135 M2,11-15,,HayÄ±r,,
14.500TL,ekiÌ‡p emlaktan 3+1 kiÌ‡ralik geniÌ‡ÅŸ kullaniÅŸli daiÌ‡re,130 M2,3+1,9,5.Kat,Kombi DoÄŸalgaz,BoÅŸ,145 M2,21 Ve Ãœzeri,,HayÄ±r,,
8.750TLarrow_downward%8,sahibinden bafra mevlana mahallesiÌ‡ Ã¶ÄŸretmen eviÌ‡ karÅŸisi 2+1 kiÌ‡ralik daiÌ‡re,100 M2,2+1,5,5.Kat,Kombi DoÄŸalgaz,,110 M2,5-10,,HayÄ±r,,
15.000TL,as yapi'dan yat liÌ‡manina yÃ¼rÃ¼me mesafesiÌ‡nde 1+1 kiÌ‡ralik daiÌ‡re,50 M2,1+1,4,3.Kat,Kombi DoÄŸalgaz,BoÅŸ,55 M2,0 (Yeni),,HayÄ±r,,
13.000TL,as yapi'dan sahiÌ‡lde lÃ¼ks 1+1 full eÅŸyali loft daiÌ‡re,60 M2,1+1,4,1.Kat,Kombi DoÄŸalgaz,EÅŸyalÄ±,70 M2,2,,HayÄ±r,,
9.000TL,*yayla gyd 'den kiralik 3+1 daiÌ‡re turkis tramvaya cephe,110 M2,3+1,4,3.Kat,Kombi DoÄŸalgaz,BoÅŸ,120 M2,21 Ve Ãœzeri,,Evet,,
5.000TL,samsun iÌ‡lkadim anadolu mahallesiÌ‡nde aboneliÌ‡k aÃ§ik 3+1 kiÌ‡ralik daiÌ‡re,120 M2,3+1,4,2.Kat,SobalÄ±,BoÅŸ,130 M2,21 Ve Ãœzeri,,HayÄ±r,,
11.000TLarrow_downward%12,atakum tranway'a yakin kismiÌ‡ eÅŸyali kiÌ‡ralik 1+1,51 M2,1+1,5,5.Kat,Kombi DoÄŸalgaz,EÅŸyalÄ±,60 M2,4,,HayÄ±r,,
15.000TL,samsun iÌ‡lkadim liÌ‡man mahallesiÌ‡nde asansÃ¶rlÃ¼ mÃ¼kemmel lokasyonda 3+1 kiÌ‡ralik daiÌ‡re,140 M2,3+1,5,4.Kat,Kombi DoÄŸalgaz,BoÅŸ,150 M2,21 Ve Ãœzeri,,HayÄ±r,,
13.000TL,ekipten kiralik 3+1 firsatdairesi,110 M2,3+1,6,BahÃ§e KatÄ±,Merkezi DoÄŸalgaz,BoÅŸ,120 M2,21 Ve Ãœzeri,,HayÄ±r,,
10.000TL,fahri Ã¼nal'dan eÅŸyalÄ± kiralik Ã§atÄ± katÄ±,80 M2,2+1,3,Ã‡atÄ± KatÄ±,Kombi DoÄŸalgaz,,100 M2,16-20,,HayÄ±r,,
12.500TL,ekiÌ‡pten 2+1 firsat dairesi eÅŸyalÄ±,90 M2,2+1,5,1.Kat,Merkezi DoÄŸalgaz,EÅŸyalÄ±,100 M2,16-20,,HayÄ±r,1,
25.000TL,samsun atakum niÌ‡ÅŸantaÅŸi caddesiÌ‡ kiÌ‡ralik 1+1,45 M2,1+1,4,2.Kat,Kombi DoÄŸalgaz,,55 M2,0 (Yeni),100 TL,HayÄ±r,,
10.000TL,reviÌ‡zyon tÃ¼rkiÌ‡yeden sky towers panoramiÌ‡k deniÌ‡z manzarali kiÌ‡ralik daiÌ‡re,254 M2,4+1,25,2.Kat,Yerden IsÄ±tma,BoÅŸ,280 M2,0 (Yeni),,HayÄ±r,,
4.500TLarrow_downward%10,furkan emlak'tan selahiÌ‡ye mah.2+1 3.kat 8 yillik balkonlu masrafsiz kiÌ‡ralik daiÌ‡re,110 M2,2+1,3,3.Kat,Kombi DoÄŸalgaz,BoÅŸ,120 M2,5-10,,HayÄ±r,1,
9.500TL,atakum kiÌ‡ralik 1+1 eÅŸyali daiÌ‡re - aliÌ‡han telliÌ‡oÄŸli,50 M2,1+1,5,4.Kat,Yerden IsÄ±tma,,58 M2,0 (Yeni),100 TL,HayÄ±r,1,
5.500TLarrow_downward%15,bahÃ§eÅŸehiÌ‡r koleji yaninda lÃ¼ks 3+1 kiÌ‡ralik daiÌ‡re,150 M2,3+1,7,6.Kat,Kombi DoÄŸalgaz,BoÅŸ,168 M2,4,400 TL,HayÄ±r,2,
7.250TL,iÌ‡lkadim rasathane mahallesiÌ‡nde kiÌ‡ralik daiÌ‡re,120 M2,3+1,8,2.Kat,Kombi DoÄŸalgaz,,138 M2,21 Ve Ãœzeri,,HayÄ±r,3,
10.000TL,sahibinden atakum marinada denize ve plaja Ã§ok yakÄ±n eÅŸyalÄ± kiralÄ±k 2+1,70 M2,2+1,3,2.Kat,Kombi DoÄŸalgaz,,75 M2,5-10,500 TL,HayÄ±r,,
7.500TL,samsun atakum esenevlerde ful eÅŸyali anayola cephe 3+1 kiÌ‡ralik daiÌ‡re,115 M2,3+1,6,1.Kat,Kombi DoÄŸalgaz,EÅŸyalÄ±,135 M2,16-20,,HayÄ±r,,
47.500TL,enes emlaktan ana yola cephe 3+1 kiÌ‡ralik daiÌ‡re,125 M2,3+1,5,1.Kat,Kombi DoÄŸalgaz,BoÅŸ,135 M2,21 Ve Ãœzeri,,HayÄ±r,,
8.500TL,lozan caddesiÌ‡ne cephe kiÌ‡ralik 3+1,115 M2,3+1,6,YÃ¼ksek GiriÅŸ,Kombi DoÄŸalgaz,BoÅŸ,125 M2,11-15,,HayÄ±r,,
10.500TL,samsun atakum deniÌ‡z manzarali cam balkonlu ankastre firin setiÌ‡ takili lÃ¼ks kiÌ‡ralik 1+1 sifir daiÌ‡re,50 M2,1+1,5,5.Kat,Yerden IsÄ±tma,,60 M2,0 (Yeni),,HayÄ±r,,
20.000TL,akbaÅŸ'dan meÅŸe tesiÌ‡sleriÌ‡nde siÌ‡te iÌ‡Ã§iÌ‡nde kiÌ‡ralik 3+1 daiÌ‡re,145 M2,3+1,11,3.Kat,Kombi DoÄŸalgaz,BoÅŸ,170 M2,11-15,,Evet,,
5.000TL,atakumda kiÌ‡ralik 2+1(merkeziÌ‡ konumda),90 M2,2+1,5,2.Kat,Kombi DoÄŸalgaz,BoÅŸ,110 M2,21 Ve Ãœzeri,,HayÄ±r,,
9.000TL,mrz gayriÌ‡menkul'den kÃ¶rfez'de havuzlu siÌ‡te iÌ‡Ã§iÌ‡ kiÌ‡ralik 3+1 daiÌ‡re,165 M2,3+1,5,1.Kat,Kombi DoÄŸalgaz,BoÅŸ,185 M2,4,,HayÄ±r,,
13.000TL,samsun iÌ‡lkadim kiÅŸla mahallesiÌ‡nde depoziÌ‡tosuz doÄŸalgazli 1+1 kiÌ‡ralik daiÌ‡re,90 M2,1+1,5,5.Kat,Kombi DoÄŸalgaz,BoÅŸ,120 M2,21 Ve Ãœzeri,,HayÄ±r,,
20.000TL,sahibinden kiralÄ±k daire,38 M2,1+1,4,DÃ¼z GiriÅŸ (Zemin),Kombi DoÄŸalgaz,BoÅŸ,47 M2,0 (Yeni),,HayÄ±r,1,
15.250TL,aysa gayriÌ‡menkul atakum/kÃ¶rfez kiÌ‡ralik 1+1 daiÌ‡re,55 M2,1+1,4,4.Kat,Yerden IsÄ±tma,EÅŸyalÄ±,60 M2,1,,HayÄ±r,,
15.000TL,aysa gayriÌ‡menkul iÌ‡lkadim/ kiÅŸla mahallesiÌ‡ kiÌ‡ralik 3+1,122 M2,3+1,12,7.Kat,Kombi DoÄŸalgaz,BoÅŸ,130 M2,0 (Yeni),JetHat Â ile ekstra Ã¼cret Ã¶demeden arayÄ±nÂ  Telefona Bak,Evet,,
12.000TL,"atakent gÃ¼zelyali sahiÌ‡lde 2,5+1 kiÌ‡ralik daiÌ‡re",100 M2,2.5+1,8,2.Kat,Kombi DoÄŸalgaz,BoÅŸ,120 M2,11-15,275 TL,HayÄ±r,2,40 M2
8.000TL,a.y.s. gayriÌ‡menkul ' dan 3+1 kiÌ‡ralik daiÌ‡re,130 M2,3+1,5,5.Kat,Kombi DoÄŸalgaz,,135 M2,21 Ve Ãœzeri,,HayÄ±r,,
18.500TL,kisa dÃ¶nem full eÅŸyali havuzlu viÌ‡lla,170 M2,3+1,ÅÃ¶mine,2,MÃ¼lk Sahibi Oturuyor,EÅŸyalÄ±,200 M2,4,,HayÄ±r,,
10.500TL,atakent cadde Ã¼zeriÌ‡ eÅŸyali kiÌ‡ralik daiÌ‡re,45 M2,1+1,5,2.Kat,Kombi DoÄŸalgaz,EÅŸyalÄ±,55 M2,4,,HayÄ±r,,
25.000TL,kiÌ‡ralik 3+1 deniÌ‡zmanzarali ebeveyn banyolu atakum kÃ¼Ã§Ã¼kkolpinar,135 M2,3+1,6,3.Kat,Kombi DoÄŸalgaz,,145 M2,5-10,150 TL,HayÄ±r,,
5.000TL,samsun atakum deniÌ‡z doÄŸa ve orman manzarali eÅŸyali kiÌ‡ralik 2+1 daiÌ‡re,100 M2,2+1,6,5.Kat,Kombi DoÄŸalgaz,EÅŸyalÄ±,110 M2,3,,HayÄ±r,,
9.500TL,gkb yapiâ€™dan tramvaya yakin kiÌ‡ralik 1+1 eÅŸyali daiÌ‡re,45 M2,1+1,6,3.Kat,Kombi DoÄŸalgaz,EÅŸyalÄ±,55 M2,1,230 TL,HayÄ±r,1,
9.000TL,yeniÌ‡mahalle merkeziÌ‡ konumda temiÌ‡z kiÌ‡rali 1+1 daiÌ‡re,50 M2,1+1,4,2.Kat,Kombi DoÄŸalgaz,,60 M2,11-15,,HayÄ±r,,
17.000TL,truvadan atatÃ¼rk bulvarina cephe kiÌ‡ralik 3+1 daiÌ‡re,140 M2,3+1,5,1.Kat,Kombi DoÄŸalgaz,BoÅŸ,160 M2,11-15,,HayÄ±r,,
15.000TL,avantaj gayriÌ‡menkul'den iÌ‡lkadim'da kiÌ‡ralik 3+1 daiÌ‡re,130 M2,3+1,9,5.Kat,Kombi DoÄŸalgaz,,140 M2,21 Ve Ãœzeri,,HayÄ±r,,
7.500TL,atakum'un en lÃ¼ks siÌ‡teleriÌ‡nden goldenland'de kiÌ‡ralik 4+1 daiÌ‡re,205 M2,4+1,15,15.Kat,Merkezi (Pay Ã–lÃ§er),BoÅŸ,255 M2,1,,Evet,,
35.000TL,kiralÄ±k eÅŸyalÄ± 1+1,42 M2,1+1,12,1.Kat,Merkezi (Pay Ã–lÃ§er),EÅŸyalÄ±,50 M2,5-10,960 TL,HayÄ±r,1,
12.000TL,samsun iÌ‡lkadim bariÅŸ bulvari kiÌ‡ralik daiÌ‡re,85 M2,2+1,6,2.Kat,SobalÄ±,,90 M2,21 Ve Ãœzeri,,HayÄ±r,,
14.000TL,a.y.s. gayriÌ‡menkul ' dan 2+1 eÅŸyali kiÌ‡ralik daiÌ‡re,40 M2,2+1,6,YÃ¼ksek GiriÅŸ,Kombi DoÄŸalgaz,,50 M2,2,,Evet,,
14.000TLarrow_downward%7,samsun atakum yeniÌ‡mahalle atakent'te ultralÃ¼ks kiÌ‡ralik 1+1 daiÌ‡re,54 M2,1+1,8,6.Kat,Yerden IsÄ±tma,,73 M2,1,200 TL,HayÄ±r,,
10.000TL,esyaliÌ‡ kiÌ‡raliÌ‡k daiÌ‡re iÌ‡lkadiÌ‡m bahceliÌ‡evler,100 M2,2+1,5,2.Kat,Kombi DoÄŸalgaz,EÅŸyalÄ±,115 M2,21 Ve Ãœzeri,20 TL,HayÄ±r,,
8.000TL,sahiÌ‡le sifir kiÌ‡ralik viÌ‡lla,210 M2,4+1,Kombi Fueloil,3,BoÅŸ,EÅŸyalÄ±,860 M2,11-15,,HayÄ±r,,
16.000TL,truva'dan deniÌ‡z manzarali 3+1 daiÌ‡re,110 M2,3+1,6,5.Kat,Kombi DoÄŸalgaz,BoÅŸ,120 M2,16-20,,HayÄ±r,,
15.000TL,mega gayriÌ‡menkul'den derebahÃ§ede uygun fiÌ‡yata kiÌ‡ralik daiÌ‡re,115 M2,3+1,2,1.Kat,SobalÄ±,BoÅŸ,120 M2,21 Ve Ãœzeri,,HayÄ±r,,
50.000TL,ekipten kÄ±lÄ±Ã§dede mah.kiralÄ±k 3+1 daire caddeye cephe asansÃ¶rlÃ¼,130 M2,3+1,8,4.Kat,Kombi DoÄŸalgaz,BoÅŸ,145 M2,21 Ve Ãœzeri,,HayÄ±r,,
10.500TL,as yapidan yeniÌ‡mahalle anayolda eÅŸyali kiÌ‡ralik 1+1 daiÌ‡re,50 M2,1+1,8,1.Kat,Kombi DoÄŸalgaz,EÅŸyalÄ±,60 M2,4,,HayÄ±r,,
4.000TL,gÃ¶rgÃ¼lÃ¼ emlaktan kiÌ‡ralik 3+1 daiÌ‡re,158 M2,3+1,3,3.Kat,Kombi DoÄŸalgaz,,170 M2,11-15,,HayÄ±r,,
19.000TL,ekipten kiralik 2+1 firsat daire,100 M2,2+1,4,2.Kat,Merkezi DoÄŸalgaz,BoÅŸ,110 M2,21 Ve Ãœzeri,,HayÄ±r,1,
12.000TL,miÌ‡marsiÌ‡nan mah. kiÌ‡ralik 3+1 daiÌ‡re,125 M2,3+1,3,YÃ¼ksek GiriÅŸ,Kombi DoÄŸalgaz,,135 M2,16-20,,HayÄ±r,,
60.000TLarrow_downward%8,tramvaya 5 dakiÌ‡ka full eÅŸyali kiÌ‡ralik 1+1 daiÌ‡re,50 M2,1+1,5,3.Kat,Kombi DoÄŸalgaz,,55 M2,4,,HayÄ±r,,
11.000TLarrow_downward%6,samsun iÌ‡lkadim 100.yil bulvarina yakin konumda kiÌ‡ralik 1+1 daiÌ‡re,60 M2,1.5+1,3,3.Kat,Kombi DoÄŸalgaz,,70 M2,21 Ve Ãœzeri,,HayÄ±r,1,
13.000TL,samsun atakum kÃ¶rfezde tramvaya yÃ¼rÃ¼me mesafesiÌ‡nde 1+1 kiÌ‡ralik sifir daiÌ‡re,50 M2,1+1,6,1.Kat,Kombi DoÄŸalgaz,BoÅŸ,55 M2,1,,HayÄ±r,,
13.500TL,"atakum'da kiÌ‡ralik2+1 ayri mutfakli,geniÌ‡ÅŸ, ferah",110 M2,2+1,7,5.Kat,Merkezi (Pay Ã–lÃ§er),BoÅŸ,130 M2,5-10,,HayÄ±r,,
"10,500TLarrow_downward%14",aliÌ‡ eriÌ‡ÅŸgiÌ‡n 'den tranvaya yakin kiÌ‡ralik 1+1 daiÌ‡re,50 M2,1+1,5,DÃ¼z GiriÅŸ (Zemin),Kombi DoÄŸalgaz,BoÅŸ,60 M2,4,,HayÄ±r,,
6.000TL,beÅŸ yildiz emlaktan 3+1 daiÌ‡re,110 M2,3+1,5,1.Kat,Kombi DoÄŸalgaz,,120 M2,21 Ve Ãœzeri,,Evet,,
13.500TL,dere gayriÌ‡menkulden kÃ¶rfezde firsat daiÌ‡re,50 M2,1+1,5,5.Kat,Kombi DoÄŸalgaz,EÅŸyalÄ±,55 M2,2,,HayÄ±r,,
8.250TL,samsun iÌ‡lkadim bahÃ§eliÌ‡evler mahallesiÌ‡'nde doÄŸalgazli mÃ¼kemmel lokasyonda temiÌ‡z 3+1 kiÌ‡ralik daiÌ‡re,110 M2,3+1,5,4.Kat,Kombi DoÄŸalgaz,BoÅŸ,120 M2,21 Ve Ãœzeri,,HayÄ±r,,
7.000TL,atasoy gyoâ€™dan 2+1 sifir kiÌ‡ralik daiÌ‡re,90 M2,2+1,5,DÃ¼z GiriÅŸ (Zemin),Kombi DoÄŸalgaz,,95 M2,0 (Yeni),,HayÄ±r,,
7.250TL,m.can emlaktan kiÌ‡ralik daiÌ‡re,85 M2,2+1,5,1.Kat,Kombi DoÄŸalgaz,,95 M2,21 Ve Ãœzeri,,HayÄ±r,,
10.000TL,kÃ¶prÃ¼ grup'tan kÃ¶rfez'de geniÌ‡ÅŸ sifir 1+1 kiÌ‡ralik daiÌ‡re,58 M2,1+1,5,DÃ¼z GiriÅŸ (Zemin),Yerden IsÄ±tma,BoÅŸ,63 M2,0 (Yeni),,HayÄ±r,,
7.000TL,kÃ¶prÃ¼ grup'tan aboneliÌ‡kleriÌ‡ dahiÌ‡l kiÌ‡ralik sifir eÅŸyali 2+1 daiÌ‡re,95 M2,2+1,5,Ã‡atÄ± KatÄ±,Kombi DoÄŸalgaz,EÅŸyalÄ±,120 M2,5-10,,HayÄ±r,,
9.000TL,truva'dan atakum esenevler kiÌ‡ralik 2+1 teras kat daiÌ‡re,80 M2,2+1,5,5.Kat,Kombi DoÄŸalgaz,BoÅŸ,100 M2,11-15,,HayÄ±r,,
10.000TL,samsun iÌ‡lkadiÌ‡m saadet cafdesiÌ‡nde kiÌ‡raliÌ‡k esyaliÌ‡ 3+1 daiÌ‡re,130 M2,3+1,5,5.Kat,Kombi DoÄŸalgaz,EÅŸyalÄ±,150 M2,16-20,,HayÄ±r,,
8.500TL,iÌ‡stiÌ‡klal mahallesiÌ‡ okullar bÃ¶lgesiÌ‡ kiÌ‡ralik sifir 3+1 daiÌ‡re,135 M2,3+1,8,6.Kat,Kombi DoÄŸalgaz,BoÅŸ,140 M2,0 (Yeni),,HayÄ±r,,
9.750TL,iÌ‡lkadim fevziÌ‡Ã§akmak mah.100.yil bulvarina cephe kiÌ‡ralik 2+1 daiÌ‡re,100 M2,2+1,4,YÃ¼ksek GiriÅŸ,Kombi DoÄŸalgaz,,110 M2,21 Ve Ãœzeri,,HayÄ±r,,
7.500TL,truva'dan atakum mevlana kiÌ‡ralik 3+1 geniÌ‡ÅŸ sifir daiÌ‡re,140 M2,3+1,4,3.Kat,Kombi DoÄŸalgaz,BoÅŸ,160 M2,0 (Yeni),,HayÄ±r,,
7.000TL,iÌ‡lkadim fevziÃ§akmak mah.100.yil bulvarina cephe kiÌ‡ralik 2+1 daiÌ‡re,100 M2,2+1,4,4.Kat,Kombi DoÄŸalgaz,,110 M2,21 Ve Ãœzeri,,HayÄ±r,,
8.000TL,sayiÌ‡tbey mah kiralik 2+1 bahÃ§e kati,85 M2,2+1,5,BahÃ§e KatÄ±,Kombi DoÄŸalgaz,,95 M2,21 Ve Ãœzeri,,HayÄ±r,,
20.000TL,3+1 kiralÄ±k daire tekkekÃ¶y,120 M2,3+1,7,3.Kat,Kombi DoÄŸalgaz,BoÅŸ,140 M2,5-10,,HayÄ±r,,
9.500TL,*yayla gyd 'den canikte kiralik 2+0 sobali terasli daire,85 M2,2+0,5,5.Kat,SobalÄ±,BoÅŸ,100 M2,16-20,,HayÄ±r,,
10.000TL,sahibinden kiralik 1+1daire,50 M2,1+1,5,YÃ¼ksek GiriÅŸ,Kombi DoÄŸalgaz,EÅŸyalÄ±,65 M2,2,250 TL,HayÄ±r,,
20.000TL,tramvaya yakin kiÌ‡ralik 1+1,50 M2,1+1,5,1.Kat,Kombi DoÄŸalgaz,,60 M2,4,,HayÄ±r,,
7.500TL,samsun iÌ‡lkadim adalet mahallesiÌ‡nde bulvara cephe asansÃ¶rlÃ¼ aboneliÌ‡k aÃ§ik 3+1 eÅŸyali kiÌ‡ralik daiÌ‡re,115 M2,3+1,7,3.Kat,Kombi DoÄŸalgaz,EÅŸyalÄ±,125 M2,21 Ve Ãœzeri,,HayÄ±r,,
18.500TL,kahveciÌ‡oÄŸlu emlak'tan cumhuriÌ‡yet mah. kiÌ‡ralik 2+1 daiÌ‡re,105 M2,2+1,4,4.Kat,Kombi DoÄŸalgaz,,110 M2,21 Ve Ãœzeri,,HayÄ±r,,
7.500TL,huzurun tek adresiÌ‡ kiÌ‡ng liÌ‡fe suiÌ‡t,55 M2,1+1,6,YÃ¼ksek GiriÅŸ,Kombi DoÄŸalgaz,,65 M2,5-10,,HayÄ±r,,
7.500TL,bersu'dan kiÌ‡ralik lÃ¼ks daiÌ‡re,90 M2,2+1,3,2.Kat,Kombi DoÄŸalgaz,BoÅŸ,100 M2,0 (Yeni),,HayÄ±r,,
12.000TL,atakum yeniÌ‡ mah.jandarma arkasinda kiÌ‡ralik 1+1 lÃ¼ks daiÌ‡re,55 M2,1+1,4,4.Kat,Kombi DoÄŸalgaz,BoÅŸ,60 M2,2,,HayÄ±r,,
5.750TL,"alan emlak; ara kat, sÄ±fÄ±r cam balkonlu kiralÄ±k 4+1 daire",180 M2,4+1,6,5.Kat,Kombi DoÄŸalgaz,BoÅŸ,210 M2,0 (Yeni),,HayÄ±r,,
8.000TL,Ã§iÌ‡iÌ‡ftliÌ‡k mahallesiÌ‡,100 M2,2+1,4,Kot 1 (-1).Kat,Kombi DoÄŸalgaz,,110 M2,16-20,,HayÄ±r,,
8.000TL,ayÅŸegÃ¼lemlak'tan pamuklu bulvarina cephe geniÌ‡ÅŸ 1+1 kiÌ‡ralik,45 M2,1+1,5,5.Kat,Kombi DoÄŸalgaz,BoÅŸ,55 M2,0 (Yeni),,HayÄ±r,,
14.500TL,ayÅŸegÃ¼lemlak'tan atakumda geniÌ‡ÅŸ kullaniÅŸli 3+1 kiÌ‡ralik daiÌ‡re,135 M2,3+1,5,4.Kat,Kombi DoÄŸalgaz,BoÅŸ,155 M2,3,,HayÄ±r,,
6.500TLarrow_downward%7,beÅŸ yÄ±ldÄ±z emlaktan 3+2 kiralÄ±k daire,130 M2,3+1,7,6.Kat,Kombi DoÄŸalgaz,BoÅŸ,140 M2,11-15,120 TL,HayÄ±r,,
500TL,sahibinden acill devren kiralÄ±k iÅŸyeri,330 M2,3+1,1,BahÃ§e KatÄ±,IsÄ±tma Yok,EÅŸyalÄ±,370 M2,5-10,,HayÄ±r,,
12.000TL,"56'lar, dsiÌ‡ yakini, 110 m2, 3+1, doÄŸalgazli, balkonlu, boyali temiÌ‡z daiÌ‡re",105 M2,3+1,4,4.Kat,Kombi DoÄŸalgaz,,110 M2,21 Ve Ãœzeri,,HayÄ±r,,
12.000TL,ğŸ”¥genÃ§bay emlak'tan rasathane mah 4.kat asansÃ¶rlÃ¼ masrafsiz kiÌ‡ralik temiÌ‡z daiÌ‡re,120 M2,3+1,5,4.Kat,Kombi DoÄŸalgaz,BoÅŸ,140 M2,16-20,,HayÄ±r,,
24.500TL,sevgi emlaktan kÃ¶rfezde full manzara eÅŸyalÄ± kiralÄ±k 1+1,40 M2,1+1,7,6.Kat,Kombi DoÄŸalgaz,EÅŸyalÄ±,45 M2,5-10,,HayÄ±r,,
8.000TL,samsun caniÌ‡k kuzey yildizi mahallesiÌ‡'nde gÃ¼zel konumda 3+1 kiÌ‡ralik daiÌ‡re,125 M2,3+1,4,2.Kat,SobalÄ±,BoÅŸ,135 M2,21 Ve Ãœzeri,,HayÄ±r,,
6.500TL,atasoy gyoâ€™dan 2+1 temiÌ‡z daiÌ‡re,100 M2,2+1,9,7.Kat,Kombi DoÄŸalgaz,,110 M2,21 Ve Ãœzeri,,HayÄ±r,1,
16.000TL,atakum garand atakule de sÃ¼per lÃ¼ks 4+1,180 M2,4+1,27,5.Kat,Kombi DoÄŸalgaz,,200 M2,0 (Yeni),1000 TL,HayÄ±r,2,
12.000TL,kadikÃ¶y mahallesiÌ‡ 2+1 satilik daiÌ‡re,75 M2,2+1,6,5.Kat,SobalÄ±,,80 M2,21 Ve Ãœzeri,,Evet,,
500.000TL,gaziÌ‡ caddesiÌ‡ kiÌ‡ralik daiÌ‡re 1+1,75 M2,1+1,5,Kot 3 (-3).Kat,SobalÄ±,,80 M2,21 Ve Ãœzeri,,HayÄ±r,,
10.000TL,catiÌ‡ katiÌ‡ kiÌ‡raliÌ‡k iÌ‡lkadiÌ‡m bahceliÌ‡evler,100 M2,2+1,7,7.Kat,Kombi DoÄŸalgaz,BoÅŸ,120 M2,11-15,140 TL,HayÄ±r,4 +,
12.000TL,sahibinden bafra merkezde bulvara cephe,125 M2,3+1,6,1.Kat,IsÄ±tma Yok,BoÅŸ,130 M2,21 Ve Ãœzeri,150 TL,HayÄ±r,2,
15.000TL,ramazan bayrami rezervasyonlari iÌ‡Ã§iÌ‡n atakumda 1+1 tranwaya ve deniÌ‡ze yÃ¼rÃ¼me mesafesiÌ‡nde,55 M2,1+1,6,6.Kat,Kombi DoÄŸalgaz,,60 M2,5-10,,HayÄ±r,,
5.500TL,doÄŸan emlak groupâ€™tan rasathane mh 3+1 masrafsiz kiÌ‡ralik daiÌ‡re,120 M2,3+1,4,1.Kat,Kombi DoÄŸalgaz,,130 M2,21 Ve Ãœzeri,,HayÄ±r,,
8.000TL,atatÃ¼rk bulvarinda merkeziÌ‡ yerde geniÌ‡ÅŸ kiÌ‡ralik 2+1 daiÌ‡re,110 M2,2+1,5,3.Kat,Kombi DoÄŸalgaz,BoÅŸ,115 M2,11-15,,HayÄ±r,,
30.000TL,sereniÌ‡ty peliÌ‡tkÃ¶y reziÌ‡dans'da sifir eÅŸyali kiÌ‡ralik 1+1 daiÌ‡re,50 M2,1+1,5,3.Kat,Yerden IsÄ±tma,EÅŸyalÄ±,65 M2,0 (Yeni),,HayÄ±r,,
1.200.000TL,atakum sahiÌ‡le 50 adim mesafe de giÌ‡yiÌ‡nme odali kiÌ‡ralik 4+1 daiÌ‡re,150 M2,4+1,4,2.Kat,Kombi DoÄŸalgaz,BoÅŸ,165 M2,5-10,,HayÄ±r,,
6.000TLarrow_downward%14,kiÌ‡ng liÌ‡fe suiÌ‡t 1+1 kendiÌ‡ eviÌ‡niÌ‡zde hiÌ‡ssedeceksiÌ‡niÌ‡z atakum tranwaya cephe,55 M2,1+1,6,5.Kat,Kombi DoÄŸalgaz,,60 M2,11-15,,Evet,,
12.000TL,atakumda doÄŸa iÌ‡le iÌ‡Ã§ iÌ‡Ã§e geniÌ‡ÅŸ lÃ¼x 1+1 daiÌ‡re,49 M2,1+1,5,4.Kat,Kombi DoÄŸalgaz,BoÅŸ,55 M2,0 (Yeni),,HayÄ±r,,
15.000TL,yeniÌ‡mahalle'de kiÌ‡ralik 2+1 daiÌ‡re,73 M2,2+1,5,1.Kat,Kombi DoÄŸalgaz,BoÅŸ,80 M2,2,,HayÄ±r,,
15.000TL,atakum bÃ¼yÃ¼kkolpinar'da kiÌ‡ralik 3+1 / 150 m2 kiÌ‡ralik daiÌ‡re,130 M2,3+1,4,3.Kat,Kombi DoÄŸalgaz,BoÅŸ,150 M2,21 Ve Ãœzeri,,HayÄ±r,,
500TL,kiÌ‡ng liÌ‡fe suiÌ‡t 1+1 kendiÌ‡ eviÌ‡niÌ‡zde hiÌ‡ssedeceksiÌ‡niÌ‡z,55 M2,1+1,6,6.Kat,Kombi DoÄŸalgaz,,60 M2,5-10,,HayÄ±r,,
6.500TLarrow_downward%32,king life sÃ¼iÌ‡t atakum gÃ¼nlÃ¼k kiÌ‡ralik daiÌ‡re 1+1 daiÌ‡reler eviÌ‡niÌ‡zdekiÌ‡ rahatlik,55 M2,1+1,6,4.Kat,Kombi DoÄŸalgaz,,60 M2,11-15,,HayÄ±r,,
11.000TL,1+1 kiralÄ±k eÅŸyalÄ± daire,45 M2,1+1,4,4.Kat,Kombi DoÄŸalgaz,EÅŸyalÄ±,50 M2,3,265 TL,HayÄ±r,1,
10.500TL,kiralÄ±k 1.1 daire,47 M2,1+1,3,YÃ¼ksek GiriÅŸ,Kombi DoÄŸalgaz,EÅŸyalÄ±,55 M2,2,75 TL,HayÄ±r,1,
27.500TL,atasoy gyoâ€™dan 3+1 kiÌ‡ralik daiÌ‡re,120 M2,3+1,4,BahÃ§e KatÄ±,Kombi DoÄŸalgaz,,130 M2,21 Ve Ãœzeri,,HayÄ±r,,
500TL,alan emlak; hazretiÌ‡ hatiÌ‡ce camiÌ‡ yaninda kiÌ‡ralik 2+1 daiÌ‡re,90 M2,2+1,5,5.Kat,Kombi DoÄŸalgaz,BoÅŸ,100 M2,21 Ve Ãœzeri,,HayÄ±r,,
9.000TL,iÌ‡lkadim bulvar Ã¼zeriÌ‡nde kiÌ‡ralik daiÌ‡re,120 M2,3+1,8,2.Kat,Kombi DoÄŸalgaz,,138 M2,21 Ve Ãœzeri,,HayÄ±r,2,
14.000TL,kÃ¶rfez tramvay duraÄŸina yakin eÅŸyali kiÌ‡ralik 1+1 daiÌ‡re,55 M2,1+1,5,3.Kat,Kombi DoÄŸalgaz,EÅŸyalÄ±,65 M2,4,,HayÄ±r,,
13.000TL,samsun siÌ‡bel den Ã§iÌ‡ftliÌ‡kte 3+1 3. kat kiÌ‡ralik daiÌ‡re,120 M2,3+1,4,3.Kat,Kombi DoÄŸalgaz,,140 M2,21 Ve Ãœzeri,,HayÄ±r,,
400TL,kw: atakumâ€™u elmakent1+1 eÅŸyali loft kiÌ‡ralik daiÌ‡re,68 M2,1+1,4,2.Kat,Kombi DoÄŸalgaz,,78 M2,5-10,,Evet,,
300TL,dere gayriÌ‡menkulden caÄŸaloÄŸluna cephe kiÌ‡ralik 3+1,150 M2,3+1,10,7.Kat,Kombi DoÄŸalgaz,BoÅŸ,165 M2,11-15,,HayÄ±r,,
10.000TL,dere gayriÌ‡menkulden tranvaya iÌ‡kiÌ‡ sokak eÅŸyali kiÌ‡ralik 1+1,60 M2,1+1,5,3.Kat,Kombi DoÄŸalgaz,EÅŸyalÄ±,65 M2,0 (Yeni),,HayÄ±r,,
10.000TL,2+1 eÅŸyalÄ± kiralÄ±k daire,80 M2,2+1,3,1.Kat,Kombi DoÄŸalgaz,EÅŸyalÄ±,100 M2,16-20,,HayÄ±r,,
6.000TL,uygun samsun iÌ‡lkadim adalet mah. bulvar Ã¼stÃ¼ 240 mÂ² ters dubleks 2 giÌ‡riÌ‡ÅŸliÌ‡ daiÌ‡re iÌ‡ÅŸ yeriÌ‡ ofiÌ‡s bÃ¼ro,240 M2,6+2,9,1.Kat,Kombi DoÄŸalgaz,,260 M2,21 Ve Ãœzeri,200 TL,HayÄ±r,,
11.000TLarrow_downward%12,doÄŸan emlak groupâ€™tan unkapani mh bulvar Ã¼stÃ¼ deniÌ‡z manzarali kiÌ‡ralik daiÌ‡re,95 M2,2+1,7,7.Kat,Kombi DoÄŸalgaz,BoÅŸ,110 M2,21 Ve Ãœzeri,,HayÄ±r,1,
10.000TL,a.y.s. gayriÌ‡menkul ' dan 3+1 kiÌ‡ralik daiÌ‡re,135 M2,3+1,5,3.Kat,Kombi DoÄŸalgaz,,140 M2,16-20,,Evet,,
11.000TL,"Ã§iÌ‡ftliÌ‡k efes pastanesiÌ‡ yakini, 100 m2, 2+1, asansÃ¶rlÃ¼, deniÌ‡z manzarali daiÌ‡re",95 M2,2+1,5,5.Kat,Kombi DoÄŸalgaz,,100 M2,21 Ve Ãœzeri,,HayÄ±r,,
10.000TL,atasoy gyoâ€™dan 2+1 kiÌ‡ralik daiÌ‡re,90 M2,2+1,5,BahÃ§e KatÄ±,Kombi DoÄŸalgaz,,100 M2,21 Ve Ãœzeri,,HayÄ±r,,
17.000TL,mrz gayriÌ‡menkul'den alparslan blv cephe kiÌ‡ralik 2+1 daiÌ‡re,90 M2,2+1,4,1.Kat,Kombi DoÄŸalgaz,BoÅŸ,100 M2,11-15,,HayÄ±r,,
22.000TL,atakumda yeÅŸiÌ‡lyurt avm karsisindageniÌ‡ÅŸ terasli eÅŸyali kiÌ‡ralik,75 M2,2+0,4,4.Kat,Kombi DoÄŸalgaz,EÅŸyalÄ±,80 M2,5-10,,HayÄ±r,,
15.000TL,truva'dan atakum kÃ¶rfez eÅŸyali kiÌ‡ralik 1+1 daiÌ‡re,50 M2,1+1,3,1.Kat,Kombi DoÄŸalgaz,EÅŸyalÄ±,55 M2,1,,HayÄ±r,,
6.900TL,bbsbroker'dan derebahÃ§e tren yoluna cephe giriÅŸ kat ticari/konut 2+1,87 M2,2+1,4,DÃ¼z GiriÅŸ (Zemin),Kombi DoÄŸalgaz,,98 M2,5-10,,HayÄ±r,,
30.000TL,Ã§amlicadan azerbaycan caddesiÌ‡n eÅŸyali kiÌ‡ralik 3+1 daiÌ‡re,115 M2,3+1,4,3.Kat,Kombi DoÄŸalgaz,EÅŸyalÄ±,130 M2,16-20,,HayÄ±r,,
10.000TL,broker poiÌ‡ntâ€™ten haskÃ¶yde kiÌ‡ralik 3+1,115 M2,3+1,4,2.Kat,Kombi DoÄŸalgaz,,120 M2,11-15,,HayÄ±r,,
8.000TL,veziÌ‡rev emlak'tan tiÌ‡kenliÌ‡ mah. 2+1 giÌ‡riÌ‡ÅŸ kat kiÌ‡ralik daiÌ‡re,105 M2,2+1,3,DÃ¼z GiriÅŸ (Zemin),Kombi DoÄŸalgaz,BoÅŸ,115 M2,5-10,,HayÄ±r,,
10.000TL,Ã¶zel diÌ‡zayn sifir eÅŸyali kiÌ‡ralik 1+1..!,55 M2,1+1,6,2.Kat,Yerden IsÄ±tma,EÅŸyalÄ±,60 M2,0 (Yeni),,HayÄ±r,,
6.000TL,samsun atakum lozan caddesiÌ‡nde kiÌ‡ralik 3+1 daiÌ‡re,115 M2,3+1,3,2.Kat,Kombi DoÄŸalgaz,BoÅŸ,125 M2,21 Ve Ãœzeri,,HayÄ±r,,
15.000TL,doÄŸan emlak groupâ€™tan yali mah eÅŸyali kiÌ‡ralik daiÌ‡re 1+1,70 M2,1+1,5,3.Kat,DoÄŸalgaz SobalÄ±,EÅŸyalÄ±,85 M2,0 (Yeni),,HayÄ±r,1,
10.000TL,bersu'dan cadde Ã¼zeriÌ‡nde kiÌ‡ralik lÃ¼ks daiÌ‡re,160 M2,3+1,3,2.Kat,Yerden IsÄ±tma,BoÅŸ,170 M2,0 (Yeni),,HayÄ±r,,
8.500TL,bersu'dan cadde Ã¼zeriÌ‡nde kiÌ‡ralik lÃ¼ks daiÌ‡re,160 M2,3+1,3,2.Kat,Yerden IsÄ±tma,BoÅŸ,170 M2,0 (Yeni),,HayÄ±r,,
10.000TL,*yayla gyd'den 56 larda eÅŸyali kiralik 2+1 daire,80 M2,2+1,7,1.Kat,Kombi DoÄŸalgaz,EÅŸyalÄ±,90 M2,21 Ve Ãœzeri,,HayÄ±r,,
15.000TL,samsun kÃ¶rfez mah. zambak cad. full eÅŸyalÄ± 1+1 daire,50 M2,1+1,5,5.Kat,Kombi DoÄŸalgaz,EÅŸyalÄ±,60 M2,2,,HayÄ±r,,
7.500TL,tÃ¼rkiÅŸ caÄŸaloÄŸluna 50m uzaklÄ±kta 2+1 kiralÄ±k daire,75 M2,2+1,4,YÃ¼ksek GiriÅŸ,Kombi DoÄŸalgaz,BoÅŸ,80 M2,5-10,,HayÄ±r,,
10.000TL,atakum yeniÌ‡ mah. atalar reziÌ‡dans 2+0 full eÅŸyali kiÌ‡ralik daiÌ‡re,80 M2,2+0,11,9.Kat,Merkezi (Pay Ã–lÃ§er),EÅŸyalÄ±,90 M2,5-10,,Evet,,
9.000TLarrow_downward%10,"alan emlak; 19 mayÄ±s bulv. Ã¼zerinde, sÄ±fÄ±r kiralÄ±k 1+1 daire",50 M2,1+1,7,2.Kat,Kombi DoÄŸalgaz,BoÅŸ,55 M2,0 (Yeni),,HayÄ±r,,
13.000TL,eviÌ‡m-nur'dan kadiÌ‡fekale mh. 2+1 7 yillik kiÌ‡ralik daiÌ‡re,82 M2,2+1,8,DÃ¼z GiriÅŸ (Zemin),Kombi DoÄŸalgaz,BoÅŸ,95 M2,5-10,,HayÄ±r,,
20.000TL,samsun atakum atakent kiÌ‡ralik eÅŸyali daiÌ‡re,90 M2,2+1,4,YÃ¼ksek GiriÅŸ,Kombi DoÄŸalgaz,EÅŸyalÄ±,110 M2,11-15,,HayÄ±r,,
7.500TL,yenidoÄŸan mahallesinde 2+1 sÄ±fÄ±r kiralÄ±k daire,80 M2,2+1,5,5.Kat,Kombi DoÄŸalgaz,BoÅŸ,90 M2,0 (Yeni),,HayÄ±r,,
11.000TL,samsun emlak ara'dan kazim karabekiÌ‡r mah. kiÌ‡ralik eÅŸyali daiÌ‡re,125 M2,3+1,9,5.Kat,Yerden IsÄ±tma,EÅŸyalÄ±,150 M2,5-10,,HayÄ±r,,
10.000TL,kÃ¶rfezde mahallesiÌ‡nde 1+1 eÅŸyali kiÌ‡ralik daiÌ‡re,55 M2,1+1,5,5.Kat,Kombi DoÄŸalgaz,EÅŸyalÄ±,60 M2,0 (Yeni),,HayÄ±r,,
12.500TL,referansa gyo 2+1 kiÌ‡ralik ultra lÃ¼x daire,85 M2,2+1,4,1.Kat,Yerden IsÄ±tma,BoÅŸ,105 M2,0 (Yeni),,HayÄ±r,,
6.750TL,samsun ilkadÄ±m kiralÄ±k daire asansÃ¶rlÃ¼ 6.kat 3+1,130 M2,3+1,8,6.Kat,Kombi DoÄŸalgaz,,135 M2,11-15,,Evet,,
7.000TL,_karan_deniÌ‡z manzarali tramvay'Ä±n altinda eÅŸyali kiÌ‡ralik 1+1daiÌ‡r,45 M2,1+1,6,6.Kat,Kombi DoÄŸalgaz,EÅŸyalÄ±,50 M2,5-10,,HayÄ±r,,
13.000TL,atakum kÃ¶rfez de kiÌ‡ralik 1+1 daiÌ‡re,55 M2,1+1,5,4.Kat,Kombi DoÄŸalgaz,BoÅŸ,60 M2,1,,HayÄ±r,,
11.500TL,kiÌ‡ralik daiÌ‡re doÄŸalgazli orta mah. sofuoÄŸlu sok. yapi krediÌ‡ bankasi yan ustub,130 M2,3+1,5,4.Kat,Kombi DoÄŸalgaz,BoÅŸ,140 M2,16-20,,HayÄ±r,2,
17.000TL,nÅŸ gayriÌ‡menkul diÌ‡lekten yeniÌ‡mahallede esyali kiÌ‡raliÌ‡k 1+1 daiÌ‡re,45 M2,1+1,5,3.Kat,Kombi DoÄŸalgaz,EÅŸyalÄ±,50 M2,5-10,,HayÄ±r,,
10.500TL,"umut,dan iÌ‡lkadim kiÌ‡raliÌ‡k atasam hast karsiÌ‡ arasi",170 M2,4+1,11,10.Kat,Merkezi DoÄŸalgaz,,190 M2,5-10,500 TL,HayÄ±r,,
14.000TL,kahveciÌ‡oÄŸlu emlak'tan bÃ¼yÃ¼kcamiÌ‡iÌ‡ mah.kiÌ‡ralik giÌ‡riÌ‡ÅŸ kat 2+1 daiÌ‡re,110 M2,2+1,5,1.Kat,Kombi DoÄŸalgaz,,120 M2,16-20,,HayÄ±r,,
11.000TL,"alan emlak; seyri samsun sit, gÃ¼venlikli, havuzlu, manzaralÄ±",155 M2,3+1,16,2.Kat,Kombi DoÄŸalgaz,BoÅŸ,185 M2,5-10,,Evet,,
12.500TL,derebahÃ§ede bulvara cephe kiÌ‡ralik 3+1 daiÌ‡re,120 M2,3+1,5,3.Kat,Kombi DoÄŸalgaz,BoÅŸ,130 M2,0 (Yeni),,HayÄ±r,,
7.000TLarrow_downward%7,kiÌ‡ralik 3+1 deniÌ‡zmanzarali ebeveyn banyolu 135 m2 atakum kÃ¼Ã§Ã¼kkolpinar da,135 M2,3+1,6,3.Kat,Kombi DoÄŸalgaz,BoÅŸ,145 M2,5-10,150 TL,HayÄ±r,2,
7.500TLarrow_downward%6,kÃ¶prÃ¼ grup'tan kiÌ‡ralik tramvaya cephe 2+1 daiÌ‡re,115 M2,2+1,4,3.Kat,Kombi DoÄŸalgaz,BoÅŸ,130 M2,21 Ve Ãœzeri,,HayÄ±r,,
9.000TL,kÃ¶prÃ¼ grup'tan aboneliÌ‡kleriÌ‡ dahiÌ‡l sifir eÅŸyali 2+1 daiÌ‡re,110 M2,2+1,5,Ã‡atÄ± KatÄ±,Kombi DoÄŸalgaz,EÅŸyalÄ±,120 M2,3,,HayÄ±r,,
24.000TL,genÃ§bay emlak'tan hanÃ§erliÌ‡ mah 4.kat 3+1 masrafsiz temiÌ‡z kiÌ‡ralik daiÌ‡re,130 M2,3+1,4,4.Kat,Kombi DoÄŸalgaz,BoÅŸ,145 M2,21 Ve Ãœzeri,50 TL,HayÄ±r,,
7.500TL,kiÌ‡ng liÌ‡fe suiÌ‡t 1+1 kendiÌ‡ eviÌ‡niÌ‡zde hiÌ‡ssedeceksiÌ‡niÌ‡z atakum,55 M2,1+1,6,4.Kat,Kombi DoÄŸalgaz,,60 M2,5-10,,Evet,,
20.500TL,samsun iÌ‡lkadim zafer mahallesiÌ‡nde doÄŸalgazli asansÃ¶rlÃ¼ mÃ¼kemmel konumda 2+1 kiÌ‡ralik daiÌ‡re,125 M2,2.5+1,4,3.Kat,Kombi DoÄŸalgaz,BoÅŸ,135 M2,16-20,,HayÄ±r,,
15.000TL,"bahÃ§eliÌ‡evler'de, 90 m2, 2+1, balkonlu, asansÃ¶rlÃ¼ eÅŸyali daiÌ‡re",90 M2,2+1,9,3.Kat,Kombi DoÄŸalgaz,EÅŸyalÄ±,95 M2,21 Ve Ãœzeri,,HayÄ±r,,
14.000TL,atakumda lÃ¼ks deniÌ‡z manzarali eÅŸyali 1+1,45 M2,1+1,5,4.Kat,Kombi DoÄŸalgaz,EÅŸyalÄ±,55 M2,0 (Yeni),,HayÄ±r,,
11.500TL,nÅŸ gayriÌ‡menkul hÃ¼lya'dan 2 +1 kiÌ‡raliÌ‡k daiÌ‡re,100 M2,2+1,5,YÃ¼ksek GiriÅŸ,Kombi DoÄŸalgaz,EÅŸyalÄ±,110 M2,11-15,,HayÄ±r,,
22.500TL,ns gayriÌ‡menkul diÌ‡lekten yeniÌ‡mahallede kiÌ‡raliÌ‡k 1+1 daiÌ‡re,45 M2,1+1,5,3.Kat,Kombi DoÄŸalgaz,BoÅŸ,50 M2,1,,HayÄ±r,,
8.500TL,ns gayriÌ‡menkul diÌ‡lekten esyali geniÌ‡ÅŸ 1+1 kiÌ‡raliÌ‡k daiÌ‡re,50 M2,1+1,5,3.Kat,Kombi DoÄŸalgaz,EÅŸyalÄ±,60 M2,0 (Yeni),,HayÄ±r,,
500TLarrow_downward%9,samsun atakum esenevlerde doÄŸalgazli temiÌ‡z masrafsiz 2+1 kiÌ‡ralik daiÌ‡re,100 M2,2+1,4,DÃ¼z GiriÅŸ (Zemin),Kombi DoÄŸalgaz,BoÅŸ,110 M2,3,,HayÄ±r,,
8.250TL,samsun atatepe'de deniÌ‡z manzarali ara kat lÃ¼x 3+1 kiÌ‡ralik daiÌ‡re,150 M2,3+1,6,1.Kat,Kombi DoÄŸalgaz,,160 M2,0 (Yeni),,HayÄ±r,,
7.500TLarrow_downward%17,iÌ‡stanbul emlak'tan fevziÌ‡ Ã§akmak mh 2+1 kiÌ‡ralik daiÌ‡re,100 M2,2+1,5,2.Kat,Kombi DoÄŸalgaz,BoÅŸ,110 M2,16-20,,HayÄ±r,1,
12.000TL,ulaÅŸima yakin kiÌ‡ralik geniÌ‡ÅŸ ferah 2+1,115 M2,2+1,4,3.Kat,Kombi DoÄŸalgaz,BoÅŸ,125 M2,16-20,,HayÄ±r,,
12.000TL,atakumun en merkezi yeri tÃ¼rkiÅŸde kiralÄ±k daire,110 M2,3+1,4,4.Kat,Kombi DoÄŸalgaz,,130 M2,16-20,,HayÄ±r,,
8.500TL,beÅŸ yildiz emlaktan eÅŸyali 1+1 daiÌ‡re,55 M2,1+1,6,3.Kat,Kombi DoÄŸalgaz,,60 M2,2,,Evet,,
10.000TL,samsun iÌ‡lkadim kadikoy mah esyali kiÌ‡ralik daiÌ‡re,100 M2,2+1,2,YÃ¼ksek GiriÅŸ,Kombi DoÄŸalgaz,,120 M2,16-20,,HayÄ±r,,
10.250TLarrow_downward%7,atakum kÃ¶rfez deniz manzaralÄ± tramvaya cephe kiralÄ±k 1+1,50 M2,1+1,4,3.Kat,Kombi DoÄŸalgaz,BoÅŸ,60 M2,5-10,,HayÄ±r,,
15.000TL,1+1 kiralÄ±k daire merkezikonumda,60 M2,1+1,6,2.Kat,Kombi DoÄŸalgaz,BoÅŸ,65 M2,0 (Yeni),,HayÄ±r,,
8.000TL,kÃ¶rfez alaÃ§ati mariÌ‡na evleriÌ‡nde eÅŸyali kiÌ‡ralik 1+1 daiÌ‡re,65 M2,1+1,3,DÃ¼z GiriÅŸ (Zemin),Kombi DoÄŸalgaz,EÅŸyalÄ±,70 M2,3,,HayÄ±r,,
14.000TL,kahveciÌ‡oÄŸlu emlak'tan Ã§iÌ‡lhane mah.kiÌ‡ralik 1+1 daiÌ‡re,50 M2,1+1,2,1.Kat,Kombi DoÄŸalgaz,,60 M2,21 Ve Ãœzeri,,HayÄ±r,,
14.000TL,samsun atakum kÃ¶rfezde uygun fiÌ‡yatli eÅŸyali 1+1 kiÌ‡ralik daiÌ‡re,45 M2,1+1,5,DÃ¼z GiriÅŸ (Zemin),Kombi DoÄŸalgaz,EÅŸyalÄ±,55 M2,2,,HayÄ±r,,
9.000TL,beÅŸ yildiz emlaktan 2+1 daiÌ‡re,70 M2,2+1,8,6.Kat,Kombi DoÄŸalgaz,,80 M2,5-10,,Evet,,
7.000TLarrow_downward%13,kiÌ‡ralik/yeniÌ‡mahalle anayola cephe 3+1 175 m2 deniÌ‡z manzarali,175 M2,3+1,8,7.Kat,Kombi DoÄŸalgaz,BoÅŸ,187 M2,11-15,,HayÄ±r,,
8.500TLarrow_downward%6,king life sÃ¼iÌ‡t atakum gÃ¼nlÃ¼k kiÌ‡ralik daiÌ‡re 1+1 daiÌ‡reler eviÌ‡niÌ‡zdekiÌ‡ rahatlik,55 M2,1+1,6,4.Kat,Kombi DoÄŸalgaz,,60 M2,11-15,,HayÄ±r,,
7.000TL,*yayla gyd'den bahcelievlerde kiralik 2+1 daire,90 M2,2+1,3,1.Kat,Kombi DoÄŸalgaz,BoÅŸ,105 M2,21 Ve Ãœzeri,,HayÄ±r,,
15.500TL,samsun atakum kÃ¶rfezde asansÃ¶rlÃ¼ balkonlu doÄŸalgazli 1+1 kiÌ‡ralik sifir daiÌ‡re,50 M2,1+1,4,1.Kat,Kombi DoÄŸalgaz,BoÅŸ,60 M2,0 (Yeni),,HayÄ±r,,
6.000TL,kw: tÃ¼rkiÌ‡ÅŸ 3+1 kiÌ‡ralik daiÌ‡re,145 M2,3+1,5,4.Kat,Kombi DoÄŸalgaz,,160 M2,16-20,200 TL,HayÄ±r,,
8.000TL,keller wiÌ‡lliÌ‡ams: 2+1 eÅŸyali kiÌ‡ralik atakum tÃ¼rkiÌ‡ÅŸ,86 M2,2+1,5,5.Kat,Kombi DoÄŸalgaz,,100 M2,16-20,,HayÄ±r,,
11.000TL,furkan emlakâ€™tan selahiÌ‡ye mahallesiÌ‡nde 2+1 9 yillik kiÌ‡ralik bahÃ§e kati firsat daiÌ‡re,95 M2,2+1,6,BahÃ§e KatÄ±,Kombi DoÄŸalgaz,,100 M2,5-10,0 TL,HayÄ±r,,
25.000TL,atakent yeniÌ‡mahalle'de kiÌ‡ralik 3+1 daiÌ‡re,120 M2,3+1,6,5.Kat,Kombi DoÄŸalgaz,BoÅŸ,130 M2,5-10,,HayÄ±r,,
350TLarrow_downward%13,fatiÌ‡h sayir dan kiralik geniÌ‡s 3+1 daire,150 M2,3+1,15,5.Kat,Merkezi (Pay Ã–lÃ§er),BoÅŸ,165 M2,5-10,,Evet,,
8.500TL,toraman gym'den tramvayla caÄŸaloÄŸlu arasinda 3+1 kiÌ‡ralik daiÌ‡re,135 M2,3+1,3,3.Kat,Kombi DoÄŸalgaz,BoÅŸ,145 M2,5-10,,HayÄ±r,,
7.300TL,eviÌ‡m-nur'dan saiÌ‡tbey mh 2+1 iÌ‡Ã§iÌ‡ full yapili kiÌ‡ralik daiÌ‡re,80 M2,2+1,5,DÃ¼z GiriÅŸ (Zemin),Kombi DoÄŸalgaz,BoÅŸ,85 M2,21 Ve Ãœzeri,,HayÄ±r,,
16.000TL,korkmaz emlaktan bafra beÅŸyolda cadde Ã¼stÃ¼nde full eÅŸyali kiÌ‡ralik daiÌ‡re,90 M2,2+1,5,1.Kat,DoÄŸalgaz SobalÄ±,EÅŸyalÄ±,100 M2,21 Ve Ãœzeri,,HayÄ±r,1,
12.000TL,Ã§amlicadan b.oyumcada yerden isitmali kiÌ‡ralik sifir 1+1 daiÌ‡re,55 M2,1+1,5,1.Kat,Yerden IsÄ±tma,,65 M2,0 (Yeni),,HayÄ±r,,
5.500TL,uygun dan samsun atakum esenevler mah. kiÌ‡ralik tramvaya 5 dk.giÌ‡riÌ‡ÅŸ bahÃ§e kati 2+1 merkeziÌ‡ konumda,90 M2,2+1,4,DÃ¼z GiriÅŸ (Zemin),Kombi DoÄŸalgaz,BoÅŸ,100 M2,5-10,50 TL,HayÄ±r,,20 M2
17.000TL,doÄŸan emlak group â€˜tan kadiÌ‡kÃ¶y mh 3+1 kiÌ‡ralik full eÅŸyali daiÌ‡re,120 M2,3+1,4,2.Kat,Kombi DoÄŸalgaz,EÅŸyalÄ±,130 M2,11-15,,HayÄ±r,1,
10.500TL,atakum yeniÌ‡mahalle iÌ‡hlas evleriÌ‡ siÌ‡tesiÌ‡nde kiÌ‡ralik 3+1 daiÌ‡re,125 M2,3+1,9,DÃ¼z GiriÅŸ (Zemin),Kombi DoÄŸalgaz,BoÅŸ,135 M2,5-10,,Evet,,
17.000TL,gÃ¼zel sanatlar karÅŸisi deniÌ‡z manzarali eÅŸyali 3+1,135 M2,3+1,6,5.Kat,Kombi DoÄŸalgaz,,150 M2,16-20,0 TL,HayÄ±r,1,
7.500TL,kiÌ‡ng liÌ‡fe suiÌ‡t 1+1 kendiÌ‡ eviÌ‡niÌ‡zde hiÌ‡ssedeceksiÌ‡niÌ‡z atakum tranwaya cephe,55 M2,1+1,6,6.Kat,Kombi DoÄŸalgaz,,60 M2,5-10,,HayÄ±r,,
8.000TL,kiÌ‡ng liÌ‡fe suiÌ‡t 1+1 kendiÌ‡ eviÌ‡niÌ‡zde hiÌ‡ssedeceksiÌ‡niÌ‡z atakum tranwaya cephe,55 M2,1+1,6,6.Kat,Kombi DoÄŸalgaz,,60 M2,5-10,,HayÄ±r,,
8.000TL,king life sÃ¼iÌ‡t atakum gÃ¼nlÃ¼k kiÌ‡ralik daiÌ‡re 1+1 daiÌ‡reler eviÌ‡niÌ‡zdekiÌ‡ rahatlik,55 M2,1+1,6,5.Kat,Kombi DoÄŸalgaz,,60 M2,5-10,,HayÄ±r,,
7.500TL,samsun atakum guzelyalÄ± mahallesinde kiralÄ±k deniz manzaralÄ± 2+1,80 M2,2+1,5,4.Kat,Kombi DoÄŸalgaz,EÅŸyalÄ±,100 M2,0 (Yeni),,HayÄ±r,,
11.000TLarrow_downward%8,samsun iÌ‡lkadim merkeziÌ‡ lokasyonda kiÌ‡ralik 2+1 daiÌ‡re,75 M2,2+1,4,3.Kat,Kombi DoÄŸalgaz,BoÅŸ,85 M2,16-20,,HayÄ±r,,
12.500TL,kiÌ‡ng liÌ‡fe suiÌ‡t 1+1 kendiÌ‡ eviÌ‡niÌ‡zde hiÌ‡ssedeceksiÌ‡niÌ‡z,55 M2,1+1,6,6.Kat,Kombi DoÄŸalgaz,,60 M2,4,,Evet,,
15.000TL,kiÌ‡ng liÌ‡fe suiÌ‡t 1+1 kendiÌ‡ eviÌ‡niÌ‡zde hiÌ‡ssedeceksiÌ‡niÌ‡z atakum tranwaya cephe,55 M2,1+1,6,5.Kat,Kombi DoÄŸalgaz,,60 M2,5-10,,Evet,,
399TL,kiÌ‡ng liÌ‡fe suiÌ‡t 1+1 kendiÌ‡ eviÌ‡niÌ‡zde hiÌ‡ssedeceksiÌ‡niÌ‡z atakum tranwaya cephe,55 M2,1+1,6,4.Kat,Kombi DoÄŸalgaz,,60 M2,11-15,,Evet,,
400TL,king life sÃ¼iÌ‡t atakum gÃ¼nlÃ¼k kiÌ‡ralik daiÌ‡re 1+1 daiÌ‡reler eviÌ‡niÌ‡zdekiÌ‡ rahatlik,55 M2,1+1,6,6.Kat,Kombi DoÄŸalgaz,,60 M2,5-10,,Evet,,
400TL,gÃ¼lhan gayriÌ‡menkul'den siÌ‡te iÌ‡Ã§eriÌ‡siÌ‡nde kiÌ‡ralik 2+1 daiÌ‡re,105 M2,2+1,10,7.Kat,Merkezi DoÄŸalgaz,,120 M2,5-10,,Evet,,
19.250TL,hedef ten rektÃ¶rlÃ¼k tramvayi karÅŸisinda full eÅŸyali 1+1 daiÌ‡re,55 M2,1+1,6,3.Kat,Kombi DoÄŸalgaz,EÅŸyalÄ±,65 M2,4,,HayÄ±r,,
8.500TL,hedef ten Ã¶mÃ¼revleriÌ‡ tramvay yaninda full eÅŸyali 1+1 lÃ¼ks daiÌ‡re,50 M2,1+1,5,2.Kat,Kombi DoÄŸalgaz,EÅŸyalÄ±,60 M2,5-10,,HayÄ±r,,
500TL,hedef ten yeniÌ‡mallede full eÅŸyali aboneliÌ‡kleriÌ‡ aÃ§ik 1+1 daiÌ‡re,50 M2,1+1,6,4.Kat,Kombi DoÄŸalgaz,EÅŸyalÄ±,60 M2,4,,HayÄ±r,,
600TL,hedef ten peliÌ‡tkÃ¶y tramvay duraÄŸi yaninda full eÅŸyali 1+1 daiÌ‡re,55 M2,1+1,4,3.Kat,Kombi DoÄŸalgaz,EÅŸyalÄ±,65 M2,4,,HayÄ±r,,
400TL,hedef ten atakent atalar reziÌ‡dans ta full eÅŸyali lÃ¼ks yeniÌ‡ 2+1,80 M2,2+1,11,9.Kat,Merkezi (Pay Ã–lÃ§er),EÅŸyalÄ±,85 M2,5-10,,Evet,,
300TL,hedef ten rektÃ¶rlÃ¼k tramvayi karÅŸisinda full eÅŸyali kiÌ‡ralik 1+1,55 M2,1+1,6,1.Kat,Kombi DoÄŸalgaz,EÅŸyalÄ±,60 M2,4,,Evet,,
12.000TLarrow_downward%8,hedef ten merkez gaziÌ‡ cd. siÌ‡nde full eÅŸyali sifir 2+1 ve 100 m2,90 M2,2+1,4,2.Kat,Kombi DoÄŸalgaz,EÅŸyalÄ±,100 M2,16-20,,HayÄ±r,,
9.500TL,hedef ten rektÃ¶rlÃ¼k tramvayi karÅŸisinda full eÅŸyali 1+1 daiÌ‡re,55 M2,1+1,7,4.Kat,Kombi DoÄŸalgaz,EÅŸyalÄ±,60 M2,4,,Evet,,
11.000TL,hedef ten kÃ¶rfez tramvay iÌ‡stasyonu altinda full eÅŸyali yeniÌ‡ 2+1,75 M2,2+1,5,2.Kat,Kombi DoÄŸalgaz,EÅŸyalÄ±,85 M2,2,,HayÄ±r,,
9.000TL,hedef ten peliÌ‡tkÃ¶y travamvayi altinda deniÌ‡z manzaral kiÌ‡ralik 1+1,55 M2,1+1,7,5.Kat,Kombi DoÄŸalgaz,EÅŸyalÄ±,60 M2,4,,HayÄ±r,,
11.000TL,hedef ten rektÃ¶rlÃ¼k tramvayi karÅŸisinda full eÅŸyali kiÌ‡ralik 1+1,55 M2,1+1,6,1.Kat,Kombi DoÄŸalgaz,EÅŸyalÄ±,60 M2,4,,Evet,,
15.000TL,hedef ten merkez gaziÌ‡ cd. siÌ‡nde full eÅŸyali sifir 2+1 ve 100 m2,90 M2,2+1,4,2.Kat,Kombi DoÄŸalgaz,EÅŸyalÄ±,100 M2,16-20,,HayÄ±r,,
9.000TL,hedef ten atakent sahiÌ‡l deniÌ‡ze yÃ¼rÃ¼me Ã§ok yakin full eÅŸyali 1+1,50 M2,1+1,5,3.Kat,Kombi DoÄŸalgaz,EÅŸyalÄ±,60 M2,4,,HayÄ±r,,
12.500TL,hedef ten peliÌ‡tkÃ¶y tramvay yakini sifir eÅŸyali lÃ¼ks kiÌ‡ralik 1+1,60 M2,1+1,5,2.Kat,Kombi DoÄŸalgaz,EÅŸyalÄ±,68 M2,0 (Yeni),,HayÄ±r,,
9.500TL,hedef ten atakent caÄŸaloÄŸlunda 1+1 ve 68 m2 sifir kiÌ‡ralik daiÌ‡re,60 M2,1+1,5,4.Kat,Kombi DoÄŸalgaz,BoÅŸ,68 M2,0 (Yeni),,HayÄ±r,,
13.500TL,hedef ten atakent sahiÌ‡l de full eÅŸyali dubleks 2+1 kiÌ‡ralik daiÌ‡re,75 M2,2+1,4,4.Kat,Kombi DoÄŸalgaz,EÅŸyalÄ±,85 M2,4,,HayÄ±r,,
10.000TL,hedef ten peliÌ‡tkÃ¶y tramvay yakini sifir eÅŸyali lÃ¼ks kiÌ‡ralik 1+1,60 M2,1+1,5,2.Kat,Kombi DoÄŸalgaz,EÅŸyalÄ±,68 M2,0 (Yeni),,HayÄ±r,,
9.000TL,hedef ten cumhuriÌ‡yet mh. sÃ¼per konum da yeniÌ‡ eÅŸyali lÃ¼ks 1+1,54 M2,1+1,5,5.Kat,Kombi DoÄŸalgaz,EÅŸyalÄ±,55 M2,0 (Yeni),,HayÄ±r,,
12.500TL,hedef ten cumhuriÌ‡yet mh. sÃ¼per konum da yeniÌ‡ eÅŸyali lÃ¼ks 1+1,54 M2,1+1,5,5.Kat,Kombi DoÄŸalgaz,EÅŸyalÄ±,55 M2,0 (Yeni),,HayÄ±r,,
11.000TL,hedef ten Ã¼niÌ‡versiÌ‡te tramvay karÅŸi full deniÌ‡z manzara ve eÅŸyali,50 M2,1+1,9,8.Kat,Kombi DoÄŸalgaz,EÅŸyalÄ±,60 M2,4,,HayÄ±r,,
12.500TL,hedef ten yeniÌ‡ mh.de caÄŸaloÄŸlu Ã¼stÃ¼ full eÅŸyali 1+1 ve 60 m2,60 M2,1+1,7,1.Kat,Kombi DoÄŸalgaz,EÅŸyalÄ±,65 M2,3,,HayÄ±r,,
8.500TL,hedef ten kurupeliÌ‡t tramvay Ã¶nÃ¼ full eÅŸyali lÃ¼ks 1+1 ve 65 m2,55 M2,1+1,5,2.Kat,Kombi DoÄŸalgaz,EÅŸyalÄ±,65 M2,3,,HayÄ±r,,
18.000TL,hedef ten atakent sahiÌ‡l de dubleks kiÌ‡ralik full eÅŸyali 2+1,75 M2,2+1,4,4.Kat,Kombi DoÄŸalgaz,EÅŸyalÄ±,85 M2,3,,HayÄ±r,,
10.000TL,hedef ten yeniÌ‡ mh.tramvay iÌ‡stasyon karÅŸisi full eÅŸyali yeniÌ‡ 1+1,50 M2,1+1,7,5.Kat,Kombi DoÄŸalgaz,EÅŸyalÄ±,60 M2,3,,HayÄ±r,,
12.500TL,caÄŸaloÄŸlu'nun bir sokak Ã¼stÃ¼ 30 m2 dÃ¼kkan,30 M2,1 Oda,6,DÃ¼z GiriÅŸ (Zemin),IsÄ±tma Yok,,40 M2,4,0 TL,HayÄ±r,,
9.500TL,kiÌ‡ng liÌ‡fe suiÌ‡t 1+1 kendiÌ‡ eviÌ‡niÌ‡zde hiÌ‡ssedeceksiÌ‡niÌ‡z atakum tranwaya cephe,55 M2,1+1,6,6.Kat,Kombi DoÄŸalgaz,,60 M2,5-10,,HayÄ±r,,
11.000TL,kiÌ‡ng liÌ‡fe suiÌ‡t 1+1 kendiÌ‡ eviÌ‡niÌ‡zde hiÌ‡ssedeceksiÌ‡niÌ‡z atakum,55 M2,1+1,6,6.Kat,Kombi DoÄŸalgaz,,60 M2,11-15,,HayÄ±r,,
12.000TL,samsun terme cay nahallesiÌ‡nde kocaman cadediÌ‡nde luks daiÌ‡re kiÌ‡raliÌ‡kdiÌ‡r,130 M2,3+1,5,5.Kat,Kombi DoÄŸalgaz,,145 M2,11-15,,HayÄ±r,,
18.000TL,king life sÃ¼iÌ‡t atakum gÃ¼nlÃ¼k kiÌ‡ralik daiÌ‡re 1+1 daiÌ‡reler eviÌ‡niÌ‡zdekiÌ‡ rahatlik,55 M2,1+1,6,6.Kat,Kombi DoÄŸalgaz,,60 M2,5-10,,HayÄ±r,,
11.000TL,iÌ‡stanbulemlaktan devren kiÌ‡ralik dÃ¼kkan,18 M2,2+1,5,DÃ¼z GiriÅŸ (Zemin),IsÄ±tma Yok,EÅŸyalÄ±,20 M2,16-20,,HayÄ±r,,
7.500TL,kahveciÌ‡oÄŸlu emlak'tan bahÃ§eler mahallesiÌ‡ 3+1 kiÌ‡ralik daiÌ‡re,115 M2,3+1,4,2.Kat,Kombi DoÄŸalgaz,,125 M2,3,,HayÄ±r,,
300TL,kiÌ‡ng liÌ‡fe suiÌ‡t 1+1 kendiÌ‡ eviÌ‡niÌ‡zde hiÌ‡ssedeceksiÌ‡niÌ‡z atakum,55 M2,1+1,6,6.Kat,Kombi DoÄŸalgaz,,60 M2,5-10,,HayÄ±r,,
300TL,kiÌ‡ng liÌ‡fe suiÌ‡t 1+1 kendiÌ‡ eviÌ‡niÌ‡zde hiÌ‡ssedeceksiÌ‡niÌ‡z atakum,55 M2,1+1,6,6.Kat,Kombi DoÄŸalgaz,,60 M2,5-10,,Evet,,
13.000TL,kiÌ‡ng liÌ‡fe suiÌ‡t 1+1 kendiÌ‡ eviÌ‡niÌ‡zde hiÌ‡ssedeceksiÌ‡niÌ‡z,55 M2,1+1,6,6.Kat,Kombi DoÄŸalgaz,,60 M2,11-15,,HayÄ±r,,
400TL,samsun atakum yeniÌ‡mahallede aboneliÌ‡kleriÌ‡ aÃ§ik ful eÅŸyali deniÌ‡z manzarali 1+1 kiÌ‡ralik daiÌ‡re,50 M2,1+1,5,4.Kat,Kombi DoÄŸalgaz,EÅŸyalÄ±,60 M2,4,,HayÄ±r,,
300.000TL,kiÌ‡ng liÌ‡fe suiÌ‡t 1+1 kendiÌ‡ eviÌ‡niÌ‡zde hiÌ‡ssedeceksiÌ‡niÌ‡z atakum,55 M2,1+1,6,6.Kat,Kombi DoÄŸalgaz,,60 M2,11-15,,HayÄ±r,,
7.500TL,king life sÃ¼iÌ‡t atakum gÃ¼nlÃ¼k kiÌ‡ralik daiÌ‡re 1+1 daiÌ‡reler eviÌ‡niÌ‡zdekiÌ‡ rahatlik,55 M2,1+1,6,6.Kat,Kombi DoÄŸalgaz,,60 M2,5-10,,HayÄ±r,,
400TL,alan emlak; soÄŸuksu bulvarinda tÃ¼m eÅŸyalari yeniÌ‡ 1+1 kiÌ‡ralik,50 M2,1 Oda,5,4.Kat,Kombi DoÄŸalgaz,,60 M2,1,,HayÄ±r,,
550TL,"fatiÌ‡h sayir,dan sifir kiÌ‡ralik 2+1",85 M2,2+1,3,1.Kat,Kombi DoÄŸalgaz,,100 M2,0 (Yeni),,HayÄ±r,,
450TL,keller wiÌ‡lliÌ‡ams dan atakum miÌ‡marsiÌ‡nanda 2+1 asansÃ¶rlÃ¼ tramvay cepheliÌ‡ kiÌ‡ralik daiÌ‡r,110 M2,2+1,4,3.Kat,Kombi DoÄŸalgaz,,117 M2,21 Ve Ãœzeri,,HayÄ±r,,
11.250TL,kahveciÌ‡oÄŸlu emlak'tan altinyurt siÌ‡tesiÌ‡ kiÌ‡ralik 3+1 daiÌ‡re,115 M2,3+1,5,3.Kat,Kombi DoÄŸalgaz,,125 M2,21 Ve Ãœzeri,,HayÄ±r,,
400TL,reviÌ‡zyon mariÌ‡na'dan atakum kÃ¶rfez'de eÅŸyali kiÌ‡ralik 1+1 daiÌ‡re,50 M2,1+1,4,2.Kat,Kombi DoÄŸalgaz,EÅŸyalÄ±,60 M2,2,,HayÄ±r,,
400TL,daiÌ‡remiÌ‡z kuraya veriÌ‡ldiÌ‡ iÌ‡lgiÌ‡njze tskler,95 M2,2+1,6,2.Kat,Kombi DoÄŸalgaz,BoÅŸ,115 M2,16-20,50 TL,HayÄ±r,1,
11.000TL,sahibinden 1+1 full deniz manzaralÄ± kiralÄ±k daire,49 M2,1+1,6,6.Kat,Kombi DoÄŸalgaz,BoÅŸ,56 M2,0 (Yeni),,HayÄ±r,1,
13.500TL,keller wiÌ‡lliÌ‡ams dan atakum miÌ‡marsiÌ‡nan da 3+1 tadiÌ‡latli kiÌ‡ralik daiÌ‡re,145 M2,3+1,3,Kot 3 (-3).Kat,Kombi DoÄŸalgaz,,160 M2,21 Ve Ãœzeri,,HayÄ±r,,
17.500TL,derekÃ¶y havuzlu siÌ‡tede 2+1 kiÌ‡ralik daiÌ‡re,75 M2,2+1,2,2.Kat,Kombi DoÄŸalgaz,BoÅŸ,95 M2,1,,Evet,,
7.000TL,kiralÄ±k 2+1 daire karayollarÄ± esenevlerde deniz manzaralÄ±,95 M2,2+1,8,1.Kat,Kombi DoÄŸalgaz,BoÅŸ,110 M2,16-20,,HayÄ±r,,
10.000TL,adnan akÃ§ay'dan 3+1 kiralÄ±k daire,145 M2,3+1,7,4.Kat,Kombi DoÄŸalgaz,BoÅŸ,160 M2,5-10,,HayÄ±r,,
8.000TL,fatiÌ‡h sayir dan yeni mah tranvaya yakin 1+1,50 M2,1+1,5,2.Kat,Kombi DoÄŸalgaz,BoÅŸ,60 M2,5-10,,HayÄ±r,,
8.000TL,fahri Ã¼nal'dan kiralik 1+1 daire,48 M2,1+1,4,1.Kat,Kombi DoÄŸalgaz,BoÅŸ,55 M2,0 (Yeni),,HayÄ±r,,
15.000TL,derekÃ¶y atavadiÌ‡ evleriÌ‡nde 2+1 kiralik daiÌ‡re,75 M2,2+1,2,2.Kat,Kombi DoÄŸalgaz,BoÅŸ,95 M2,1,,Evet,,
12.000TL,Ã§amlicadan peliÌ‡tkÃ¶y tramvay duraÄŸina 5 dk kiÌ‡ralik eÅŸyali daiÌ‡re,85 M2,2+1,6,3.Kat,Kombi DoÄŸalgaz,,100 M2,4,,HayÄ±r,,
12.000TL,iÌ‡lkadim kadiÌ‡fekale mahallesiÌ‡nde kiÌ‡ralik daiÌ‡re,85 M2,2+1,5,DÃ¼z GiriÅŸ (Zemin),Kombi DoÄŸalgaz,,90 M2,5-10,,HayÄ±r,,
15.500TL,iÌ‡lkadim unkapani mahallesiÌ‡nde kiÌ‡ralik daiÌ‡re,90 M2,2+1,5,3.Kat,Kombi DoÄŸalgaz,,98 M2,21 Ve Ãœzeri,,HayÄ±r,1,
8.500TL,kiÌ‡ng liÌ‡fe suiÌ‡t 1+1 kendiÌ‡ eviÌ‡niÌ‡zde hiÌ‡ssedeceksiÌ‡niÌ‡z,55 M2,1+1,6,6.Kat,Kombi DoÄŸalgaz,,60 M2,5-10,,HayÄ±r,,
8.500TL,reviÌ‡zyondan atakent anayol altinda kiÌ‡ralik eÅŸyali 1+1 daiÌ‡re,45 M2,1+1,3,DÃ¼z GiriÅŸ (Zemin),Kombi DoÄŸalgaz,EÅŸyalÄ±,50 M2,4,,HayÄ±r,,
12.000TL,*yayla gyd'den eras sitesiÌ‡ kiralik 3+1 daire (aiÌ‡dat dahiÌ‡l fiÌ‡yt),140 M2,3+1,10,4.Kat,Merkezi DoÄŸalgaz,BoÅŸ,155 M2,11-15,,Evet,,
15.000TL,kiÌ‡ng liÌ‡fe suiÌ‡t 1+1 kendiÌ‡ eviÌ‡niÌ‡zde hiÌ‡ssedeceksiÌ‡niÌ‡z,55 M2,1+1,6,6.Kat,Kombi DoÄŸalgaz,,60 M2,11-15,,Evet,,
6.000TLarrow_downward%8,"alan emlak; deniz manz. sÄ±fÄ±r eÅŸyalÄ±, ara kat, 1+1 daire",55 M2,1+1,5,3.Kat,Kombi DoÄŸalgaz,EÅŸyalÄ±,60 M2,0 (Yeni),,HayÄ±r,,
450TL,hiÌ‡sar dan lokasyon konum da 1+1 eÅŸyali daiÌ‡re.,50 M2,1+1,5,3.Kat,Kombi DoÄŸalgaz,EÅŸyalÄ±,55 M2,4,,HayÄ±r,,
13.500TL,Ã¼niÌ‡versiÌ‡te yakini deniÌ‡z manzarali kiÌ‡ralik 2+1 daiÌ‡re,75 M2,2+1,4,2.Kat,Kombi DoÄŸalgaz,BoÅŸ,85 M2,0 (Yeni),,HayÄ±r,,
10.000TL,king life sÃ¼iÌ‡t atakum gÃ¼nlÃ¼k kiÌ‡ralik daiÌ‡re 1+1 daiÌ‡reler eviÌ‡niÌ‡zdekiÌ‡ rahatlik,55 M2,1+1,6,6.Kat,Kombi DoÄŸalgaz,,60 M2,5-10,,HayÄ±r,,
550TL,king life sÃ¼iÌ‡t atakum gÃ¼nlÃ¼k kiÌ‡ralik daiÌ‡re 1+1 daiÌ‡reler eviÌ‡niÌ‡zdekiÌ‡ rahatlik,55 M2,1+1,6,6.Kat,Kombi DoÄŸalgaz,,60 M2,5-10,,Evet,,
10.200TL,samsun iÌ‡lkadim kadiÌ‡fekale mahallesiÌ‡nde depoziÌ‡tosuz sifir yapili sobali 3+1 kiÌ‡ralik daiÌ‡re,105 M2,3+1,3,DÃ¼z GiriÅŸ (Zemin),SobalÄ±,BoÅŸ,110 M2,21 Ve Ãœzeri,,HayÄ±r,,
10.000TL,Ã§amlicadan atakum miÌ‡mar siÌ‡nan evleriÌ‡nde kiÌ‡ralik daiÌ‡re,135 M2,3+1,10,1.Kat,Kombi DoÄŸalgaz,,150 M2,5-10,,Evet,,
12.000TL,samsun siÌ‡bel den atakum ciÌ‡ty mall yakininda eÅŸyali 2. kat 3+1 kiÌ‡ralik daiÌ‡re,120 M2,3+1,5,2.Kat,Kombi DoÄŸalgaz,,140 M2,21 Ve Ãœzeri,,HayÄ±r,,
450TL,akdur dan canik te kiÌ‡ralik 3+1,110 M2,3+1,5,2.Kat,Kombi DoÄŸalgaz,BoÅŸ,120 M2,21 Ve Ãœzeri,,HayÄ±r,,
300TL,butiÌ‡k gayriÌ‡menkul'den burcu kent siÌ‡tesiÌ‡nden kiÌ‡ralik daiÌ‡re,150 M2,3+1,10,2.Kat,Merkezi DoÄŸalgaz,BoÅŸ,165 M2,11-15,,Evet,,
4.500TL,kÃ¶rfez pamuklu bulvarina cephe sifir kiÌ‡ralik 1+1,50 M2,1+1,4,1.Kat,Kombi DoÄŸalgaz,BoÅŸ,60 M2,1,,HayÄ±r,,
13.000TLarrow_downward%10,yeniÌ‡mahalle bulvara cephe kiÌ‡ralik 2+1 daiÌ‡re,80 M2,2+1,10,DÃ¼z GiriÅŸ (Zemin),Merkezi (Pay Ã–lÃ§er),BoÅŸ,90 M2,5-10,,HayÄ±r,,
22.500TLarrow_downward%10,keller wiÌ‡lliÌ‡ams den atakum kÃ¶rfez'de kiralÄ±k eÅŸyalÄ± 1+1 daire,50 M2,1+1,5,2.Kat,Kombi DoÄŸalgaz,,55 M2,4,,HayÄ±r,,
7.000TL,eviÌ‡m-nur'dan zafer mh 2+1 90m2 kiÌ‡ralik daiÌ‡re,90 M2,2+1,3,2.Kat,Kombi DoÄŸalgaz,BoÅŸ,100 M2,16-20,,HayÄ±r,1,
16.500TL,samsun iÌ‡lkadim kiÌ‡rec tepe muhsiÌ‡n yazicioÄŸlu parkinin karÅŸisi kiÌ‡ralik daiÌ‡re,100 M2,2+1,5,DÃ¼z GiriÅŸ (Zemin),Kombi DoÄŸalgaz,,110 M2,21 Ve Ãœzeri,,HayÄ±r,,
7.500TL,eskiÌ‡ firin arkasinda siÌ‡te iÌ‡Ã§iÌ‡nde eÅŸyali kiÌ‡ralik 1+1 daiÌ‡re,50 M2,1+1,4,1.Kat,Kombi DoÄŸalgaz,,60 M2,4,200 TL,HayÄ±r,,
9.000TL,samsun iÌ‡lkadim rasathane mahallesiÌ‡nde ara kat doÄŸalgazli merkeziÌ‡ konumda 3+1 kiÌ‡ralik daiÌ‡re,120 M2,3+1,5,2.Kat,Kombi DoÄŸalgaz,BoÅŸ,130 M2,21 Ve Ãœzeri,,HayÄ±r,,
9.750TL,"Ã§iÌ‡ftliÌ‡k - efes pastanesiÌ‡ yakini, 85 m2, 2+1, doÄŸalgazli full eÅŸyali daiÌ‡re",80 M2,2+1,3,3.Kat,Kombi DoÄŸalgaz,EÅŸyalÄ±,85 M2,21 Ve Ãœzeri,,HayÄ±r,,
10.000TL,akdur'dan kiÌ‡ralik daiÌ‡re,140 M2,3+1,5,3.Kat,Kombi DoÄŸalgaz,,150 M2,21 Ve Ãœzeri,150 TL,HayÄ±r,,
6.000TL,iÌ‡lkadim reÅŸadiÌ‡ye mahallesiÌ‡nde kiÌ‡ralik daiÌ‡re,75 M2,2+1,5,DÃ¼z GiriÅŸ (Zemin),Kombi DoÄŸalgaz,,80 M2,21 Ve Ãœzeri,,HayÄ±r,1,
12.500TL,atakum iÌ‡ncesu da deniÌ‡z manzarali sifir 1+1,50 M2,1+1,5,2.Kat,Kombi DoÄŸalgaz,BoÅŸ,55 M2,0 (Yeni),200 TL,HayÄ±r,1,30 M2
8.000TL,caÄŸaloÄŸlu bulv. altinda merkeziÌ‡ konumda kiÌ‡ralik 1+1 daiÌ‡re.,45 M2,1+1,5,5.Kat,Kombi DoÄŸalgaz,,55 M2,0 (Yeni),,HayÄ±r,,
9.000TL,mrz gayriÌ‡menkul'den kÃ¶rfez'de kiÌ‡ralik eÅŸyasiz lÃ¼ks 1+1 daiÌ‡reler,55 M2,1+1,4,1.Kat,Kombi DoÄŸalgaz,BoÅŸ,60 M2,0 (Yeni),,HayÄ±r,,
6.500TL,gÃ¼rbÃ¼z camiÌ‡iÌ‡ karÅŸi arasi 2+1 kombiÌ‡liÌ‡ kiÌ‡ralik daiÌ‡re,80 M2,2+1,5,YÃ¼ksek GiriÅŸ,Kombi DoÄŸalgaz,,90 M2,21 Ve Ãœzeri,,HayÄ±r,,
8.000TL,butiÌ‡k gayrimenkÃ¼lden kiralik daiÌ‡re,187 M2,4+1,5,Kot 3 (-3).Kat,Kombi DoÄŸalgaz,BoÅŸ,220 M2,2,,HayÄ±r,,
7.500TL,truva'dan panoramiÌ‡k manzarali kiÌ‡ralik 1+1 lÃ¼ks daiÌ‡reler,60 M2,1+1,6,6.Kat,Kombi DoÄŸalgaz,,65 M2,1,,HayÄ±r,1,
12.500TL,atakum Ã¶mÃ¼revleriÌ‡nde Ã¶ÄŸrenciÌ‡lere Ã¶zel kiÌ‡ralik lÃ¼ks pansiÌ‡yon odasi 4750 tl,115 M2,3+1,5,Kot 3 (-3).Kat,Kombi DoÄŸalgaz,,135 M2,16-20,,HayÄ±r,,
8.000TL,atakum Ã¶mÃ¼revleriÌ‡nde Ã¶ÄŸrenciÌ‡lere Ã¶zel kiÌ‡ralik lÃ¼ks pansiÌ‡yon odasi 4500 tl,165 M2,4+1,5,Kot 2 (-2).Kat,Kombi DoÄŸalgaz,,180 M2,16-20,,HayÄ±r,,
6.000TL,atakum Ã¶mÃ¼revleriÌ‡ tramvay duraÄŸi yanin 4 kiÌ‡ÅŸiÌ‡liÌ‡k kiÌ‡ralik pansiÌ‡yon odalari 4000 tl,165 M2,4+1,5,3.Kat,Kombi DoÄŸalgaz,,180 M2,16-20,,HayÄ±r,,
20.000TL,deniÌ‡ze sifir eÅŸyali kiÌ‡ralik bahÃ§eliÌ‡ yazlik-viÌ‡lla,160 M2,3+1,2,MÃ¼stakil,Kombi DoÄŸalgaz,,190 M2,21 Ve Ãœzeri,,HayÄ±r,,
13.000TL,"bahÃ§eliÌ‡evler'de, 90 m2, 2+1, asansÃ¶rlÃ¼ doÄŸalgazli daiÌ‡re",85 M2,2+1,5,3.Kat,Kombi DoÄŸalgaz,,90 M2,21 Ve Ãœzeri,,HayÄ±r,,
4.750TL,miÌ‡a'dan iÌ‡lkadim kadikÃ¶y mahallesiÌ‡nde eÅŸyali kiÌ‡ralik 3+1 daiÌ‡re,125 M2,3+1,4,1.Kat,Kombi DoÄŸalgaz,EÅŸyalÄ±,130 M2,16-20,100 TL,HayÄ±r,2,
4.500TL,atakum Ã¶mÃ¼revleriÌ‡nde Ã¶ÄŸrenciÌ‡lere Ã¶zel kiÌ‡ralik lÃ¼ks pansiÌ‡yon odasi 4750 tl,115 M2,3+1,5,3.Kat,Kombi DoÄŸalgaz,,125 M2,16-20,,HayÄ±r,,
4.000TL,sahibinden kiralÄ±k 4+1,129 M2,4+1,3,3.Kat,Merkezi DoÄŸalgaz,,140 M2,16-20,0 TL,HayÄ±r,3,
40.000TL,Ã¶ÄŸrenciÌ‡ler atakum dakiÌ‡ eviÌ‡niÌ‡ziÌ‡ Ã¶nce geliÌ‡n-geziÌ‡n-gÃ¶rÃ¼n kararinizi Ã¶yle veriÌ‡n,120 M2,3+1,5,3.Kat,Kombi DoÄŸalgaz,,135 M2,16-20,,HayÄ±r,,
8.000TLarrow_downward%11,tÃ¼rkiÌ‡ÅŸ'te gÃ¼nlÃ¼k kiÌ‡ralik 1+1daiÌ‡reler,65 M2,1+1,2,2.Kat,Kombi DoÄŸalgaz,,75 M2,5-10,,HayÄ±r,,
11.000TL,"samsun atakumda gÃ¼nlÃ¼k kiÌ‡ralik 1+1daiÌ‡reler(kombiÌ‡;wiÌ‡fiÌ‡,otopark)",65 M2,1+1,2,2.Kat,Kombi DoÄŸalgaz,,75 M2,4,,HayÄ±r,,
3.750TL,ğŸ”¥genÃ§bay emlak'tan kadiÌ‡fekale mah 2+0 diÅŸ cepheliÌ‡ sobali kiÌ‡ralik giÌ‡riÌ‡ÅŸ kat firsat daiÌ‡re,80 M2,2+0,3,DÃ¼z GiriÅŸ (Zemin),SobalÄ±,,95 M2,16-20,25 TL,HayÄ±r,,
8.250TL,samsun iÌ‡lkadim cediÌ‡t mahallesiÌ‡nde aboneliÌ‡kleriÌ‡ aÃ§ik 2+1 eÅŸyali kiÌ‡ralik daiÌ‡re,110 M2,2+1,2,2.Kat,Kombi DoÄŸalgaz,EÅŸyalÄ±,120 M2,21 Ve Ãœzeri,,HayÄ±r,,
4.750TL,reviÌ‡zyon'dan kÃ¶rfez anayola yakin deniÌ‡z manzarali lÃ¼ks 1+1 daiÌ‡re,42 M2,1+1,6,5.Kat,Yerden IsÄ±tma,BoÅŸ,50 M2,0 (Yeni),200 TL,HayÄ±r,,
400TL,3+1 kiralik esyasiz daire,165 M2,3+1,6,3.Kat,Merkezi (Pay Ã–lÃ§er),,170 M2,5-10,200 TL,HayÄ±r,,
300TL,44 gayriÌ‡menkul'den lebiÌ‡derya manzarali siÌ‡te iÌ‡Ã§eriÌ‡siÌ‡nde 3+1 daiÌ‡re,155 M2,3+1,15,15.Kat,Kombi DoÄŸalgaz,BoÅŸ,185 M2,4,,Evet,,
4.250TL,balac ta full deniÌ‡z manzarali 3+1,150 M2,3+1,10,3.Kat,Merkezi (Pay Ã–lÃ§er),,185 M2,1,200 TL,HayÄ±r,2,40 M2
10.000TL,3+1 kiralÄ±k eÅŸyalÄ± daire,145 M2,3+1,5,2.Kat,Kombi DoÄŸalgaz,EÅŸyalÄ±,150 M2,0 (Yeni),200 TL,HayÄ±r,,
11.000TL,atakumda kiÌ‡ralik 3+1,130 M2,3+1,5,1.Kat,Kombi DoÄŸalgaz,BoÅŸ,150 M2,0 (Yeni),,HayÄ±r,,
13.000TL,korkmaz emlaktan bafra gaziÌ‡osman paÅŸa mahallesiÌ‡nde 2+1 110 m2 full eÅŸyali kiÌ‡ralik daiÌ‡re,100 M2,2+1,4,2.Kat,Kombi DoÄŸalgaz,,110 M2,21 Ve Ãœzeri,30 TL,HayÄ±r,2,
24.000TL,reviÌ‡zyon semiÌ‡h tiÄŸli'dan deniÌ‡z manzarali 1+1 satilik daiÌ‡re,58 M2,1+1,9,5.Kat,Kombi DoÄŸalgaz,BoÅŸ,65 M2,4,175 TL,HayÄ±r,,
35.000TL,44 gayriÌ‡menkulden merkeziÌ‡ konum anadolu hastanesiÌ‡ yani ara kat,125 M2,3+1,5,2.Kat,Kombi DoÄŸalgaz,BoÅŸ,145 M2,16-20,,HayÄ±r,,
16.000TL,atakum Ã¶mÃ¼revleriÌ‡nde Ã¶ÄŸrenciÌ‡lere Ã¶zel kiÌ‡ralik lÃ¼ks pansiÌ‡yon odasi 4750 tl,115 M2,3+1,5,2.Kat,Kombi DoÄŸalgaz,EÅŸyalÄ±,125 M2,16-20,0 TL,HayÄ±r,,40 M2
8.000TL,korkmaz emlaktan eÅŸyali kiÌ‡ralik 2+1 110 m2 mÃ¼stakiÌ‡l sobali ev,110 M2,2+1,2,MÃ¼stakil,SobalÄ±,EÅŸyalÄ±,120 M2,21 Ve Ãœzeri,,HayÄ±r,1,
1.350.000TL,atakum Ã¶mÃ¼revleriÌ‡ tramvay duraÄŸi yaninda 4 kiÌ‡ÅŸiÌ‡liÌ‡k kiÌ‡ralik pansiÌ‡yon odasi 4000 tl,165 M2,4+1,5,3.Kat,Kombi DoÄŸalgaz,,180 M2,16-20,0 TL,HayÄ±r,,40 M2
9.000TLarrow_downward%10,samsun atakum deniÌ‡z ve doÄŸa manzarali kiÌ‡ralik sifir 2+1 daiÌ‡re,81 M2,2+1,5,5.Kat,Kombi DoÄŸalgaz,BoÅŸ,100 M2,0 (Yeni),,HayÄ±r,,
4.750TL,havuzlu siÌ‡te iÌ‡Ã§eriÌ‡siÌ‡nde sifir eÅŸyali kiÌ‡ralik 1+1..!,55 M2,1+1,5,4.Kat,Kombi DoÄŸalgaz,EÅŸyalÄ±,60 M2,0 (Yeni),,HayÄ±r,,
5.000TL,furkan emlakâ€™tan atakum kÃ¶rfez de 1+1 3.kat yerden isitmali sifir kiÌ‡ralik daiÌ‡re,70 M2,1+1,4,3.Kat,Yerden IsÄ±tma,BoÅŸ,95 M2,0 (Yeni),0 TL,HayÄ±r,1,
3.000TL,samsun atakum kÃ¶rfez mahallesiÌ‡nde kiÌ‡ralik 1+1,50 M2,1+1,5,YÃ¼ksek GiriÅŸ,Kombi DoÄŸalgaz,,60 M2,1,150 TL,HayÄ±r,,
12.000TL,kÃ¶rfez mahallesiÌ‡nde kiÌ‡ralik 1+1 sifir eÅŸyali / sifir daiÌ‡re,35 M2,1+1,5,5.Kat,Kombi DoÄŸalgaz,EÅŸyalÄ±,42 M2,0 (Yeni),,HayÄ±r,,
10.000TL,kiÌ‡ralik daiÌ‡re terme cad. Ã¶zcanlar fiÌ‡riÌ‡n karÅŸisinda doÄŸalgazli,125 M2,3+1,6,2.Kat,Kombi DoÄŸalgaz,,130 M2,11-15,,HayÄ±r,,
10.000TL,samsun iÌ‡lkadim saiÌ‡tbey mahallesiÌ‡nde bulvara yÃ¼rÃ¼me mesafesiÌ‡nde eÅŸyali 1+1 kiÌ‡ralik daiÌ‡re,80 M2,1+1,3,3.Kat,Kombi DoÄŸalgaz,EÅŸyalÄ±,90 M2,21 Ve Ãœzeri,,HayÄ±r,,
6.500TL,atakum alanli'da 2+1 kiÌ‡ralik sifir daiÌ‡re,80 M2,2+1,5,YÃ¼ksek GiriÅŸ,Kombi DoÄŸalgaz,BoÅŸ,90 M2,0 (Yeni),,HayÄ±r,,
10.000TL,samsun atakum esenevlerde tramvaya yÃ¼rÃ¼me mesafesiÌ‡nde 1+1 kiÌ‡ralik sifir daiÌ‡re,45 M2,1+1,3,YÃ¼ksek GiriÅŸ,Kombi DoÄŸalgaz,BoÅŸ,55 M2,0 (Yeni),,HayÄ±r,,
8.000TL,samsun iÌ‡lkadim hÃ¼rriÌ‡yet mahallesiÌ‡nde doÄŸalgazli masrafsiz 2+0 kiÌ‡ralik daiÌ‡re,70 M2,2+0,4,4.Kat,Kombi DoÄŸalgaz,BoÅŸ,80 M2,21 Ve Ãœzeri,,HayÄ±r,,
8.500TL,samsun atakum kÃ¶rfezde esyali 3+1 1.kat,130 M2,3+1,5,1.Kat,Kombi DoÄŸalgaz,EÅŸyalÄ±,145 M2,16-20,,HayÄ±r,,
8.000TL,atakum esenevler mahallesiÌ‡'nde kiÌ‡ralik daiÌ‡re,90 M2,2+1,6,3.Kat,Kombi DoÄŸalgaz,BoÅŸ,95 M2,11-15,,HayÄ±r,2,
6.500TL,atakumda sifir sahiÌ‡le yakin arakat kiÌ‡ralik 2+1 daiÌ‡re,75 M2,2+1,4,3.Kat,Kombi DoÄŸalgaz,BoÅŸ,85 M2,0 (Yeni),,HayÄ±r,,
15.500TL,gÃ¼lhan gayriÌ‡menkul'den soho siÌ‡tesiÌ‡nde 4+1 kiÌ‡ralik daiÌ‡re,180 M2,4+1,10,5.Kat,Kombi DoÄŸalgaz,BoÅŸ,200 M2,0 (Yeni),,HayÄ±r,2,
16.000TL,beÅŸyÄ±ldÄ±z gayrimenkul den kiralÄ±k 1+1 daire,50 M2,1+1,6,3.Kat,Kombi DoÄŸalgaz,BoÅŸ,55 M2,5-10,80 TL,HayÄ±r,2,
32.000TL,kiÌ‡ralik daiÌ‡re doÄŸalgazli. iÌ‡ciÌ‡ yapali,125 M2,2+1,4,YÃ¼ksek GiriÅŸ,Kombi DoÄŸalgaz,,135 M2,5-10,,HayÄ±r,,
8.000TL,"56'lar, uÄŸur mumcu parki yakini, balkonlu, doÄŸalgazli 90 m2, 2+1 temiÌ‡z daiÌ‡re",85 M2,2+1,5,4.Kat,Kombi DoÄŸalgaz,,90 M2,21 Ve Ãœzeri,,HayÄ±r,2,
7.000TLarrow_downward%7,atakent gÃ¼zelyali da kiÌ‡ralik 3+1 daiÌ‡re,140 M2,3+1,5,2.Kat,Kombi DoÄŸalgaz,BoÅŸ,150 M2,11-15,,HayÄ±r,,
12.000TL,samsun iÌ‡lkadim hanÃ§erliÌ‡ mahallesiÌ‡nde asansÃ¶rlÃ¼ 3+1 kiÌ‡ralik daiÌ‡re,125 M2,3+1,10,7.Kat,Kombi DoÄŸalgaz,BoÅŸ,135 M2,21 Ve Ãœzeri,,HayÄ±r,,
15.000TLarrow_downward%6,3+1 kiralÄ±k esyasÄ±z daire,150 M2,3+1,8,8.Kat,Kombi DoÄŸalgaz,,160 M2,5-10,150 TL,HayÄ±r,2,
10.000TL,uygun samsun atakum cumhuriÌ‡yet mah.full eÅŸyali kiÌ‡ralik 4. kat 3+1 tramvaya yani ve cuma pazari iÌ‡Ã§iÌ‡,115 M2,3+1,5,4.Kat,Kombi DoÄŸalgaz,EÅŸyalÄ±,130 M2,5-10,100 TL,HayÄ±r,,
15.000TL,uygun samsun atakum cumhuriÌ‡yet mah.full eÅŸyali kiÌ‡ralik 4. kat 3+1 tramvaya yani ve cuma pazari iÌ‡Ã§iÌ‡,115 M2,3+1,5,4.Kat,Kombi DoÄŸalgaz,EÅŸyalÄ±,130 M2,5-10,100 TL,HayÄ±r,,
20.000TL,sahibinden sahiÌ‡biÌ‡nden gaziÌ‡ hastanesiÌ‡ne 10 dakiÌ‡ka mesafede kiÌ‡ralik daiÌ‡re,75 M2,2+1,5,YÃ¼ksek GiriÅŸ,Kombi DoÄŸalgaz,,80 M2,5-10,,HayÄ±r,,
7.000TL,eviÌ‡m-nurâ€™dan bahÃ§eliÌ‡evler mh 2+1 bahÃ§e kat iÌ‡Ã§iÌ‡ yapili doÄŸalgazli kiÌ‡ralik daiÌ‡re,90 M2,2+1,4,BahÃ§e KatÄ±,Kombi DoÄŸalgaz,,100 M2,21 Ve Ãœzeri,,HayÄ±r,,
6.000TLarrow_downward%8,atakum iÌ‡ncesu da full eÅŸyali sifir daiÌ‡re,50 M2,1+1,5,2.Kat,Kombi DoÄŸalgaz,EÅŸyalÄ±,55 M2,0 (Yeni),100 TL,HayÄ±r,1,
10.000TL,100.yil bulvarinda piÌ‡azza arkasinda 2+1 terasli yeniÌ‡ daiÌ‡re,110 M2,2+1,9,1.Kat,Kombi DoÄŸalgaz,BoÅŸ,120 M2,2,,HayÄ±r,1,
15.000TLarrow_downward%12,samsun sahiÌ‡lde 1+0 -1+1 ve jakuziÌ‡liÌ‡ gÃ¼nlÃ¼k -haftalik -aylik daiÌ‡reler,45 M2,1+1,4,2.Kat,Kombi DoÄŸalgaz,EÅŸyalÄ±,50 M2,5-10,,HayÄ±r,,
299TL,samsun kiÌ‡razlik keriÌ‡mbey mevkiÌ‡iÌ‡nde kiÌ‡ralik viÌ‡lla tiÌ‡piÌ‡ ultra lÃ¼ks eÅŸyali konut,250 M2,4+1,2,2.Kat,KlimalÄ±,EÅŸyalÄ±,300 M2,16-20,,HayÄ±r,,
20.000TL,gÃ¼lhan gayriÌ‡menkul'den iÌ‡ncesu'da kiÌ‡ralik 1+1 daiÌ‡re,55 M2,1+1,5,2.Kat,Kombi DoÄŸalgaz,BoÅŸ,60 M2,0 (Yeni),,HayÄ±r,,
9.000TL,gÃ¶rgÃ¼lÃ¼ emlaktan atakum yeniÌ‡ mh. kiÌ‡ralik lÃ¼x daiÌ‡reler,118 M2,2+1,5,5.Kat,Merkezi DoÄŸalgaz,,130 M2,0 (Yeni),200 TL,HayÄ±r,1,
15.500TL,gÃ¼lhan gayriÌ‡menkul'den kÃ¼Ã§Ã¼k kolpinar 'da kiÌ‡ralik 3+1 daiÌ‡re,110 M2,3+1,5,1.Kat,Kombi DoÄŸalgaz,BoÅŸ,130 M2,0 (Yeni),,HayÄ±r,,
22.500TL,samsun 56'lar da kiÌ‡ralik 1+1 daiÌ‡re,60 M2,1+1,6,YÃ¼ksek GiriÅŸ,SobalÄ±,,80 M2,21 Ve Ãœzeri,,HayÄ±r,,
5.000TL,atakum'da kiÌ‡ralik geniÌ‡ÅŸ lÃ¼ks 1+1 daiÌ‡re,60 M2,1+1,3,2.Kat,Yerden IsÄ±tma,BoÅŸ,65 M2,0 (Yeni),,HayÄ±r,,
8.500TL,beÅŸ yildiz emlak'tan atakum yeniÌ‡mahallede kiÌ‡ralik 1+1 daiÌ‡re,50 M2,1+1,8,6.Kat,Kombi DoÄŸalgaz,BoÅŸ,55 M2,2,150 TL,HayÄ±r,1,
10.000TL,dÃ¼zgÃ¼n'den atakent anayola cephe kiÌ‡ralik 2+1 ofiÌ‡s,70 M2,2+1,6,2.Kat,Kombi DoÄŸalgaz,BoÅŸ,80 M2,0 (Yeni),,HayÄ±r,,
20.000TL,ğŸ’¥yayla gayriÌ‡menkulden durusehir tokide kiralik 2+1 daire,85 M2,2+1,14,13.Kat,Kombi DoÄŸalgaz,BoÅŸ,100 M2,5-10,100 TL,Evet,1,
10.500TL,samsun iÌ‡lkadim kadiÌ‡fekale mahallesiÌ‡nde tertemiÌ‡z 2+1 kiÌ‡ralik daiÌ‡re,120 M2,2+1,4,DÃ¼z GiriÅŸ (Zemin),Kombi DoÄŸalgaz,BoÅŸ,130 M2,21 Ve Ãœzeri,,HayÄ±r,,
6.250TL,kÃ¶rfez de havuzlu siÌ‡te iÌ‡Ã§eriÌ‡siÌ‡nde kiÌ‡ralik 2+1 daiÌ‡re,75 M2,2+1,5,2.Kat,Kombi DoÄŸalgaz,BoÅŸ,85 M2,0 (Yeni),,Evet,,
12.500TL,gÃ¼lhan gayriÌ‡menkul'den kÃ¶rfezde kiÌ‡ralik 1+1 daiÌ‡re,55 M2,1+1,5,4.Kat,Kombi DoÄŸalgaz,EÅŸyalÄ±,60 M2,4,,HayÄ±r,,
13.000TLarrow_downward%13,atakum sahiÌ‡lde eÅŸyali kiÌ‡ralik 3+1,100 M2,3+1,4,1.Kat,Kombi DoÄŸalgaz,EÅŸyalÄ±,120 M2,16-20,,HayÄ±r,,
13.500TL,a.y.s. gayriÌ‡menkul ' dan kiÌ‡ralik daiÌ‡re,125 M2,3+1,5,3.Kat,Kombi DoÄŸalgaz,BoÅŸ,130 M2,0 (Yeni),,HayÄ±r,,
8.750TL,atakum iÌ‡stiÌ‡klal mh de kiralik 2+1,110 M2,2+1,6,BahÃ§e KatÄ±,Kombi DoÄŸalgaz,BoÅŸ,125 M2,0 (Yeni),100 TL,HayÄ±r,2,
13.000TL,atakum'da kiÌ‡ralik cambalkonlu deniÌ‡z manzarali lÃ¼ks 3+1 daiÌ‡re,145 M2,3+1,6,6.Kat,Kombi DoÄŸalgaz,BoÅŸ,170 M2,0 (Yeni),,HayÄ±r,,
15.000TL,dr. murat emir'den samsun atakum'da denize yakÄ±n eÅŸyalÄ± kiralÄ±k 2+1 daire,85 M2,2+1,3,Ã‡atÄ± KatÄ±,Kombi DoÄŸalgaz,EÅŸyalÄ±,150 M2,5-10,100 TL,HayÄ±r,,
25.000TL,samsun atakum da kiÌ‡ralik lÃ¼ks daiÌ‡re,140 M2,3+1,4,1.Kat,Kombi DoÄŸalgaz,BoÅŸ,150 M2,0 (Yeni),150 TL,HayÄ±r,2,
10.000TL,samsun atakum'da sifir lÃ¼x yapili ara kat 2+1 kiÌ‡ralik daiÌ‡re,90 M2,2+1,9,8.Kat,Kombi DoÄŸalgaz,BoÅŸ,100 M2,0 (Yeni),,HayÄ±r,,
20.000TL,samsun atakum'da sifir lÃ¼x full yapili ara kat 4+1 kiÌ‡ralik daiÌ‡re,130 M2,4+1,9,3.Kat,Kombi DoÄŸalgaz,BoÅŸ,150 M2,0 (Yeni),,HayÄ±r,2,
15.000TLarrow_downward%12,ğŸ’¥yayla gayrimenkulden tramvaya cephe kiralik 3+1 firsat daire,115 M2,3+1,6,1.Kat,Kombi DoÄŸalgaz,BoÅŸ,135 M2,0 (Yeni),,HayÄ±r,2,
20.000TLarrow_downward%9,a.y.s. gayriÌ‡menkul ' dan eÅŸyali kiÌ‡ralik daiÌ‡re,110 M2,3+1,5,2.Kat,Kombi DoÄŸalgaz,EÅŸyalÄ±,115 M2,16-20,,HayÄ±r,,
18.000TL,samsun iÌ‡lkadim kadiÌ‡fekale mahallesiÌ‡nde aboneliÌ‡kleriÌ‡ aÃ§ik 3+1 eÅŸyali kiÌ‡ralik daiÌ‡re,125 M2,3+1,5,2.Kat,Kombi DoÄŸalgaz,EÅŸyalÄ±,140 M2,16-20,,HayÄ±r,,
10.000TL,sahibinden 2+1 90 mÂ² doÄŸalgazlÄ± bahÃ§e katÄ± kiralÄ±k daire,90 M2,2+1,4,BahÃ§e KatÄ±,Kombi DoÄŸalgaz,,91 M2,16-20,,HayÄ±r,,
8.250TL,gÃ¼lhan gayriÌ‡menkul'den merkez'de kiÌ‡ralik 2+1 daiÌ‡re,120 M2,2+1,6,YÃ¼ksek GiriÅŸ,Kombi DoÄŸalgaz,BoÅŸ,140 M2,21 Ve Ãœzeri,,HayÄ±r,,
6.000TL,a.y.s. gayriÌ‡menkul ' dan eÅŸyali kiÌ‡ralik daiÌ‡re,115 M2,2+1,5,5.Kat,Kombi DoÄŸalgaz,EÅŸyalÄ±,120 M2,21 Ve Ãœzeri,,HayÄ±r,,
12.000TL,armenkul ' den merkezi lokasyonda lÃ¼x eÅŸyalÄ± 1+1 firsat kiÌ‡ralik daiÌ‡re,55 M2,1+1,5,3.Kat,KlimalÄ±,EÅŸyalÄ±,70 M2,5-10,200 TL,HayÄ±r,,
8.000TL,armenkul 'den merkezi lokasyonda lÃ¼x eÅŸyalÄ± 1+1 firsat kiÌ‡ralik daiÌ‡re,60 M2,1+1,5,4.Kat,KlimalÄ±,EÅŸyalÄ±,75 M2,5-10,200 TL,HayÄ±r,,
9.000TL,atakum Ã¶mÃ¼revleriÌ‡ nde Ã¶ÄŸrenciÌ‡ye Ã¶zel kiÌ‡ralik 3 kiÌ‡ÅŸiÌ‡liÌ‡k pansiÌ‡yon odalari 4250 tl,130 M2,3+1,5,1.Kat,Kombi DoÄŸalgaz,EÅŸyalÄ±,150 M2,16-20,0 TL,HayÄ±r,,35 M2
